Timestamp,Demand (GW),Available Supply (GW)
2029-04-01 00:00,249.73,246.98
2029-04-01 01:00,243.49,248.98
2029-04-01 02:00,240.31,246.06
2029-04-01 03:00,235.78,250.25
2029-04-01 04:00,236.22,245.51
2029-04-01 05:00,242.65,249.49
2029-04-01 06:00,249.02,243.24
2029-04-01 07:00,257.78,275.68
2029-04-01 08:00,264.45,331.13
2029-04-01 09:00,275.2,369.1
2029-04-01 10:00,278.76,408.39
2029-04-01 11:00,279.52,433.68
2029-04-01 12:00,274.83,433.85
2029-04-01 13:00,273.73,435.88
2029-04-01 14:00,276.79,424.8
2029-04-01 15:00,279.95,392.3
2029-04-01 16:00,275.28,352.08
2029-04-01 17:00,268.4,314.04
2029-04-01 18:00,263.15,273.93
2029-04-01 19:00,274.07,272.1
2029-04-01 20:00,272.72,270.75
2029-04-01 21:00,267.93,259.4
2029-04-01 22:00,271.94,265.55
2029-04-01 23:00,268.46,265.67
2029-04-02 00:00,267.48,274.39
2029-04-02 01:00,262.0,269.6
2029-04-02 02:00,257.25,267.65
2029-04-02 03:00,253.35,259.61
2029-04-02 04:00,254.13,266.04
2029-04-02 05:00,262.29,264.14
2029-04-02 06:00,267.24,271.37
2029-04-02 07:00,271.74,297.6
2029-04-02 08:00,274.99,359.18
2029-04-02 09:00,285.9,411.05
2029-04-02 10:00,291.51,444.3
2029-04-02 11:00,289.36,456.87
2029-04-02 12:00,285.89,457.45
2029-04-02 13:00,278.39,445.17
2029-04-02 14:00,278.9,440.9
2029-04-02 15:00,281.39,410.96
2029-04-02 16:00,281.63,374.51
2029-04-02 17:00,276.48,332.52
2029-04-02 18:00,274.87,296.26
2029-04-02 19:00,281.5,295.19
2029-04-02 20:00,279.05,292.81
2029-04-02 21:00,278.79,285.67
2029-04-02 22:00,280.3,290.94
2029-04-02 23:00,277.96,286.87
2029-04-03 00:00,265.7,278.68
2029-04-03 01:00,258.39,272.8
2029-04-03 02:00,249.77,260.89
2029-04-03 03:00,245.34,257.73
2029-04-03 04:00,245.22,262.29
2029-04-03 05:00,253.07,260.02
2029-04-03 06:00,264.19,266.42
2029-04-03 07:00,268.62,295.35
2029-04-03 08:00,273.9,343.16
2029-04-03 09:00,288.35,385.34
2029-04-03 10:00,290.95,419.2
2029-04-03 11:00,291.45,444.27
2029-04-03 12:00,283.28,450.17
2029-04-03 13:00,275.74,449.67
2029-04-03 14:00,278.56,431.23
2029-04-03 15:00,282.89,418.55
2029-04-03 16:00,278.93,378.7
2029-04-03 17:00,274.87,334.59
2029-04-03 18:00,269.86,294.61
2029-04-03 19:00,274.79,275.01
2029-04-03 20:00,272.26,269.53
2029-04-03 21:00,267.4,271.92
2029-04-03 22:00,271.77,272.67
2029-04-03 23:00,271.23,270.8
2029-04-04 00:00,274.62,289.04
2029-04-04 01:00,268.58,282.11
2029-04-04 02:00,261.98,275.23
2029-04-04 03:00,260.24,270.42
2029-04-04 04:00,260.32,267.18
2029-04-04 05:00,265.57,277.11
2029-04-04 06:00,271.44,286.03
2029-04-04 07:00,275.73,315.68
2029-04-04 08:00,279.19,366.23
2029-04-04 09:00,290.76,417.18
2029-04-04 10:00,296.64,453.74
2029-04-04 11:00,299.82,474.53
2029-04-04 12:00,298.32,480.13
2029-04-04 13:00,293.48,476.36
2029-04-04 14:00,293.69,461.43
2029-04-04 15:00,297.44,437.67
2029-04-04 16:00,293.2,396.55
2029-04-04 17:00,285.22,348.77
2029-04-04 18:00,281.1,311.06
2029-04-04 19:00,287.4,301.69
2029-04-04 20:00,282.12,294.32
2029-04-04 21:00,279.08,289.7
2029-04-04 22:00,281.58,297.94
2029-04-04 23:00,282.18,297.3
2029-04-05 00:00,275.64,277.91
2029-04-05 01:00,271.11,276.71
2029-04-05 02:00,266.14,276.11
2029-04-05 03:00,263.87,279.24
2029-04-05 04:00,265.9,271.11
2029-04-05 05:00,273.37,281.4
2029-04-05 06:00,278.08,278.76
2029-04-05 07:00,280.58,306.96
2029-04-05 08:00,284.66,355.0
2029-04-05 09:00,291.67,395.94
2029-04-05 10:00,297.18,439.21
2029-04-05 11:00,295.09,464.11
2029-04-05 12:00,288.15,456.39
2029-04-05 13:00,279.42,446.93
2029-04-05 14:00,285.0,439.45
2029-04-05 15:00,287.02,412.28
2029-04-05 16:00,284.4,364.11
2029-04-05 17:00,278.2,311.71
2029-04-05 18:00,274.37,281.36
2029-04-05 19:00,284.53,266.09
2029-04-05 20:00,281.64,271.66
2029-04-05 21:00,279.66,266.7
2029-04-05 22:00,285.9,277.33
2029-04-05 23:00,282.93,272.06
2029-04-06 00:00,282.01,283.21
2029-04-06 01:00,274.36,277.78
2029-04-06 02:00,268.95,281.52
2029-04-06 03:00,260.7,269.63
2029-04-06 04:00,261.6,276.27
2029-04-06 05:00,267.79,280.08
2029-04-06 06:00,274.21,287.39
2029-04-06 07:00,284.78,325.52
2029-04-06 08:00,285.86,374.23
2029-04-06 09:00,294.7,422.4
2029-04-06 10:00,300.64,455.22
2029-04-06 11:00,300.64,467.34
2029-04-06 12:00,293.32,468.48
2029-04-06 13:00,286.39,456.34
2029-04-06 14:00,288.45,440.39
2029-04-06 15:00,289.58,412.16
2029-04-06 16:00,289.14,374.45
2029-04-06 17:00,280.13,325.49
2029-04-06 18:00,276.05,275.52
2029-04-06 19:00,286.27,271.76
2029-04-06 20:00,280.28,274.74
2029-04-06 21:00,276.21,272.02
2029-04-06 22:00,278.69,274.61
2029-04-06 23:00,277.51,282.75
2029-04-07 00:00,279.09,282.91
2029-04-07 01:00,272.4,281.83
2029-04-07 02:00,268.73,280.04
2029-04-07 03:00,267.03,285.2
2029-04-07 04:00,270.33,288.31
2029-04-07 05:00,271.42,282.11
2029-04-07 06:00,275.78,277.9
2029-04-07 07:00,280.73,319.42
2029-04-07 08:00,282.35,370.27
2029-04-07 09:00,295.69,419.66
2029-04-07 10:00,303.98,450.81
2029-04-07 11:00,303.65,460.15
2029-04-07 12:00,300.16,469.94
2029-04-07 13:00,294.36,471.0
2029-04-07 14:00,297.86,460.98
2029-04-07 15:00,301.07,433.42
2029-04-07 16:00,297.9,396.56
2029-04-07 17:00,289.2,339.29
2029-04-07 18:00,285.14,308.27
2029-04-07 19:00,294.48,307.95
2029-04-07 20:00,288.72,298.78
2029-04-07 21:00,285.17,297.44
2029-04-07 22:00,286.51,302.68
2029-04-07 23:00,289.1,295.38
2029-04-08 00:00,274.79,257.32
2029-04-08 01:00,267.58,252.36
2029-04-08 02:00,259.85,252.26
2029-04-08 03:00,259.13,254.18
2029-04-08 04:00,258.98,250.32
2029-04-08 05:00,265.24,250.23
2029-04-08 06:00,273.41,258.05
2029-04-08 07:00,275.55,289.9
2029-04-08 08:00,276.68,337.65
2029-04-08 09:00,286.45,383.56
2029-04-08 10:00,290.75,418.36
2029-04-08 11:00,290.15,439.46
2029-04-08 12:00,283.78,440.74
2029-04-08 13:00,276.74,433.38
2029-04-08 14:00,280.09,424.18
2029-04-08 15:00,285.9,400.54
2029-04-08 16:00,281.44,364.23
2029-04-08 17:00,270.93,312.02
2029-04-08 18:00,265.55,259.08
2029-04-08 19:00,277.82,263.55
2029-04-08 20:00,277.54,268.57
2029-04-08 21:00,275.24,268.94
2029-04-08 22:00,280.62,274.95
2029-04-08 23:00,283.91,281.42
2029-04-09 00:00,270.81,259.0
2029-04-09 01:00,266.03,254.52
2029-04-09 02:00,260.6,247.77
2029-04-09 03:00,256.29,238.83
2029-04-09 04:00,252.88,240.47
2029-04-09 05:00,254.97,236.64
2029-04-09 06:00,261.19,233.12
2029-04-09 07:00,261.63,266.37
2029-04-09 08:00,266.8,319.44
2029-04-09 09:00,272.52,367.93
2029-04-09 10:00,280.38,397.22
2029-04-09 11:00,279.76,409.69
2029-04-09 12:00,277.56,418.71
2029-04-09 13:00,270.62,414.61
2029-04-09 14:00,276.12,406.79
2029-04-09 15:00,279.95,379.57
2029-04-09 16:00,274.59,342.97
2029-04-09 17:00,269.05,296.48
2029-04-09 18:00,263.46,255.78
2029-04-09 19:00,274.32,252.59
2029-04-09 20:00,272.85,247.96
2029-04-09 21:00,269.22,246.07
2029-04-09 22:00,270.18,246.87
2029-04-09 23:00,269.01,251.23
2029-04-10 00:00,262.14,248.32
2029-04-10 01:00,256.52,242.04
2029-04-10 02:00,247.55,236.63
2029-04-10 03:00,242.34,233.29
2029-04-10 04:00,240.91,233.11
2029-04-10 05:00,245.18,233.77
2029-04-10 06:00,252.56,237.95
2029-04-10 07:00,252.27,272.47
2029-04-10 08:00,255.98,317.85
2029-04-10 09:00,264.14,362.46
2029-04-10 10:00,266.97,399.02
2029-04-10 11:00,267.33,418.15
2029-04-10 12:00,268.43,435.42
2029-04-10 13:00,263.82,429.17
2029-04-10 14:00,272.96,424.25
2029-04-10 15:00,277.0,397.42
2029-04-10 16:00,273.85,359.89
2029-04-10 17:00,260.18,311.19
2029-04-10 18:00,254.34,264.29
2029-04-10 19:00,264.89,255.39
2029-04-10 20:00,263.66,247.57
2029-04-10 21:00,266.25,240.74
2029-04-10 22:00,267.5,241.69
2029-04-10 23:00,268.27,243.34
2029-04-11 00:00,271.63,243.24
2029-04-11 01:00,265.94,235.62
2029-04-11 02:00,260.45,229.37
2029-04-11 03:00,255.2,226.05
2029-04-11 04:00,254.3,224.75
2029-04-11 05:00,260.6,228.35
2029-04-11 06:00,268.56,231.91
2029-04-11 07:00,269.96,265.82
2029-04-11 08:00,272.44,312.94
2029-04-11 09:00,280.91,361.79
2029-04-11 10:00,283.74,404.87
2029-04-11 11:00,283.17,424.76
2029-04-11 12:00,281.06,432.25
2029-04-11 13:00,274.33,432.98
2029-04-11 14:00,281.55,424.1
2029-04-11 15:00,286.9,399.36
2029-04-11 16:00,281.27,347.82
2029-04-11 17:00,273.32,300.46
2029-04-11 18:00,271.3,266.85
2029-04-11 19:00,278.98,263.72
2029-04-11 20:00,275.95,260.8
2029-04-11 21:00,277.89,264.32
2029-04-11 22:00,281.67,264.39
2029-04-11 23:00,281.14,263.05
2029-04-12 00:00,279.75,267.63
2029-04-12 01:00,275.04,268.61
2029-04-12 02:00,269.41,266.66
2029-04-12 03:00,266.37,271.91
2029-04-12 04:00,262.28,263.53
2029-04-12 05:00,266.12,260.36
2029-04-12 06:00,272.81,258.48
2029-04-12 07:00,275.01,292.92
2029-04-12 08:00,276.33,338.03
2029-04-12 09:00,288.98,387.66
2029-04-12 10:00,295.14,427.5
2029-04-12 11:00,292.43,438.19
2029-04-12 12:00,284.79,442.31
2029-04-12 13:00,281.47,436.64
2029-04-12 14:00,283.42,423.4
2029-04-12 15:00,289.24,396.76
2029-04-12 16:00,286.36,363.86
2029-04-12 17:00,281.73,319.51
2029-04-12 18:00,279.29,286.34
2029-04-12 19:00,287.32,279.47
2029-04-12 20:00,285.29,266.7
2029-04-12 21:00,284.51,272.12
2029-04-12 22:00,288.61,284.4
2029-04-12 23:00,284.7,269.54
2029-04-13 00:00,279.02,260.2
2029-04-13 01:00,272.19,258.32
2029-04-13 02:00,267.9,262.75
2029-04-13 03:00,259.99,247.65
2029-04-13 04:00,256.49,245.58
2029-04-13 05:00,264.43,256.75
2029-04-13 06:00,271.16,254.47
2029-04-13 07:00,273.34,288.05
2029-04-13 08:00,275.46,336.5
2029-04-13 09:00,280.02,378.03
2029-04-13 10:00,288.94,417.9
2029-04-13 11:00,294.65,433.98
2029-04-13 12:00,290.17,434.64
2029-04-13 13:00,285.69,423.24
2029-04-13 14:00,290.27,406.8
2029-04-13 15:00,294.6,389.63
2029-04-13 16:00,292.97,348.38
2029-04-13 17:00,279.81,299.9
2029-04-13 18:00,276.12,263.88
2029-04-13 19:00,282.95,257.11
2029-04-13 20:00,280.54,247.59
2029-04-13 21:00,280.0,247.46
2029-04-13 22:00,280.12,245.98
2029-04-13 23:00,279.49,249.61
2029-04-14 00:00,273.17,251.58
2029-04-14 01:00,263.77,244.59
2029-04-14 02:00,259.64,248.03
2029-04-14 03:00,258.55,247.22
2029-04-14 04:00,258.67,254.39
2029-04-14 05:00,262.3,246.19
2029-04-14 06:00,266.15,254.01
2029-04-14 07:00,268.59,280.63
2029-04-14 08:00,272.35,323.56
2029-04-14 09:00,275.46,368.61
2029-04-14 10:00,280.65,400.59
2029-04-14 11:00,281.28,413.32
2029-04-14 12:00,281.67,423.5
2029-04-14 13:00,276.77,428.83
2029-04-14 14:00,276.77,417.0
2029-04-14 15:00,284.09,394.48
2029-04-14 16:00,279.69,345.41
2029-04-14 17:00,268.89,289.27
2029-04-14 18:00,265.23,259.13
2029-04-14 19:00,281.48,259.07
2029-04-14 20:00,282.89,268.84
2029-04-14 21:00,283.72,266.17
2029-04-14 22:00,288.21,256.61
2029-04-14 23:00,285.84,256.8
2029-04-15 00:00,275.88,240.28
2029-04-15 01:00,271.6,236.81
2029-04-15 02:00,264.51,235.73
2029-04-15 03:00,257.53,230.12
2029-04-15 04:00,256.58,231.46
2029-04-15 05:00,259.86,234.6
2029-04-15 06:00,259.17,233.42
2029-04-15 07:00,258.22,258.71
2029-04-15 08:00,259.95,312.82
2029-04-15 09:00,270.88,353.51
2029-04-15 10:00,276.06,390.26
2029-04-15 11:00,279.76,408.36
2029-04-15 12:00,276.93,411.92
2029-04-15 13:00,273.63,411.8
2029-04-15 14:00,278.74,402.34
2029-04-15 15:00,285.44,380.81
2029-04-15 16:00,281.29,335.71
2029-04-15 17:00,272.98,295.03
2029-04-15 18:00,267.25,261.64
2029-04-15 19:00,273.74,240.91
2029-04-15 20:00,272.96,248.54
2029-04-15 21:00,276.93,249.92
2029-04-15 22:00,284.42,253.25
2029-04-15 23:00,287.34,257.31
2029-04-16 00:00,284.88,250.07
2029-04-16 01:00,275.94,241.3
2029-04-16 02:00,270.38,238.43
2029-04-16 03:00,264.06,237.26
2029-04-16 04:00,261.46,241.02
2029-04-16 05:00,261.71,233.04
2029-04-16 06:00,268.46,239.69
2029-04-16 07:00,270.58,266.72
2029-04-16 08:00,269.33,315.99
2029-04-16 09:00,281.38,364.12
2029-04-16 10:00,283.31,395.46
2029-04-16 11:00,282.27,410.88
2029-04-16 12:00,281.78,416.61
2029-04-16 13:00,275.85,410.11
2029-04-16 14:00,280.12,396.07
2029-04-16 15:00,282.41,368.65
2029-04-16 16:00,279.32,337.03
2029-04-16 17:00,271.46,289.59
2029-04-16 18:00,267.05,253.64
2029-04-16 19:00,275.86,254.27
2029-04-16 20:00,275.27,251.4
2029-04-16 21:00,277.97,249.41
2029-04-16 22:00,281.11,245.82
2029-04-16 23:00,282.3,244.48
2029-04-17 00:00,276.11,262.29
2029-04-17 01:00,268.29,253.14
2029-04-17 02:00,261.92,248.64
2029-04-17 03:00,258.02,240.33
2029-04-17 04:00,255.68,241.25
2029-04-17 05:00,260.67,248.0
2029-04-17 06:00,269.79,251.19
2029-04-17 07:00,271.57,287.08
2029-04-17 08:00,275.09,321.09
2029-04-17 09:00,281.93,365.09
2029-04-17 10:00,287.47,402.96
2029-04-17 11:00,286.79,430.19
2029-04-17 12:00,285.08,438.67
2029-04-17 13:00,278.49,427.76
2029-04-17 14:00,282.32,408.95
2029-04-17 15:00,286.7,384.17
2029-04-17 16:00,282.8,356.54
2029-04-17 17:00,274.6,313.65
2029-04-17 18:00,268.11,275.41
2029-04-17 19:00,277.83,264.4
2029-04-17 20:00,278.22,263.65
2029-04-17 21:00,280.06,258.83
2029-04-17 22:00,281.27,264.63
2029-04-17 23:00,279.46,266.18
2029-04-18 00:00,261.03,266.31
2029-04-18 01:00,252.94,260.37
2029-04-18 02:00,245.24,249.83
2029-04-18 03:00,239.62,236.3
2029-04-18 04:00,238.18,241.28
2029-04-18 05:00,241.27,239.26
2029-04-18 06:00,244.8,240.23
2029-04-18 07:00,245.87,272.85
2029-04-18 08:00,248.24,322.57
2029-04-18 09:00,259.15,375.01
2029-04-18 10:00,266.45,409.69
2029-04-18 11:00,265.28,415.88
2029-04-18 12:00,261.92,422.28
2029-04-18 13:00,258.83,416.66
2029-04-18 14:00,264.35,396.33
2029-04-18 15:00,266.48,371.56
2029-04-18 16:00,264.24,341.98
2029-04-18 17:00,255.85,298.64
2029-04-18 18:00,249.04,260.31
2029-04-18 19:00,259.86,257.1
2029-04-18 20:00,256.93,254.45
2029-04-18 21:00,259.29,260.0
2029-04-18 22:00,262.88,268.07
2029-04-18 23:00,263.41,263.49
2029-04-19 00:00,265.95,267.4
2029-04-19 01:00,259.05,257.67
2029-04-19 02:00,254.34,259.37
2029-04-19 03:00,249.56,246.88
2029-04-19 04:00,247.83,247.52
2029-04-19 05:00,248.2,243.83
2029-04-19 06:00,254.65,257.5
2029-04-19 07:00,257.4,291.33
2029-04-19 08:00,258.48,342.44
2029-04-19 09:00,264.83,394.52
2029-04-19 10:00,270.1,433.91
2029-04-19 11:00,268.3,448.1
2029-04-19 12:00,270.21,448.51
2029-04-19 13:00,266.92,448.26
2029-04-19 14:00,270.02,429.03
2029-04-19 15:00,277.82,409.42
2029-04-19 16:00,270.57,370.86
2029-04-19 17:00,264.68,327.9
2029-04-19 18:00,260.8,294.13
2029-04-19 19:00,270.86,286.45
2029-04-19 20:00,270.14,289.2
2029-04-19 21:00,271.42,282.32
2029-04-19 22:00,274.12,287.73
2029-04-19 23:00,269.79,276.59
2029-04-20 00:00,271.02,255.98
2029-04-20 01:00,264.79,246.39
2029-04-20 02:00,259.01,244.0
2029-04-20 03:00,252.23,242.34
2029-04-20 04:00,249.45,239.1
2029-04-20 05:00,254.51,237.14
2029-04-20 06:00,255.92,252.13
2029-04-20 07:00,259.78,279.89
2029-04-20 08:00,259.61,330.16
2029-04-20 09:00,268.65,387.56
2029-04-20 10:00,276.36,419.76
2029-04-20 11:00,276.07,433.72
2029-04-20 12:00,276.0,432.47
2029-04-20 13:00,271.33,429.33
2029-04-20 14:00,273.16,408.62
2029-04-20 15:00,274.0,376.41
2029-04-20 16:00,267.76,334.56
2029-04-20 17:00,260.31,297.96
2029-04-20 18:00,254.56,262.35
2029-04-20 19:00,266.65,261.81
2029-04-20 20:00,262.78,249.66
2029-04-20 21:00,262.69,249.07
2029-04-20 22:00,269.64,253.41
2029-04-20 23:00,270.1,256.2
2029-04-21 00:00,266.92,252.06
2029-04-21 01:00,263.8,250.72
2029-04-21 02:00,259.92,252.42
2029-04-21 03:00,250.7,245.0
2029-04-21 04:00,251.54,242.9
2029-04-21 05:00,252.96,245.54
2029-04-21 06:00,259.04,245.17
2029-04-21 07:00,258.92,270.53
2029-04-21 08:00,260.44,316.6
2029-04-21 09:00,266.98,357.02
2029-04-21 10:00,272.76,396.02
2029-04-21 11:00,275.66,409.92
2029-04-21 12:00,274.51,419.28
2029-04-21 13:00,270.67,417.46
2029-04-21 14:00,278.71,409.96
2029-04-21 15:00,284.84,379.48
2029-04-21 16:00,279.15,339.84
2029-04-21 17:00,271.86,297.76
2029-04-21 18:00,267.8,260.43
2029-04-21 19:00,280.98,261.03
2029-04-21 20:00,275.94,255.64
2029-04-21 21:00,278.67,262.28
2029-04-21 22:00,278.91,261.87
2029-04-21 23:00,282.0,263.06
2029-04-22 00:00,279.56,268.61
2029-04-22 01:00,277.83,270.42
2029-04-22 02:00,272.01,261.46
2029-04-22 03:00,264.16,269.33
2029-04-22 04:00,264.08,262.34
2029-04-22 05:00,267.43,266.72
2029-04-22 06:00,270.88,267.73
2029-04-22 07:00,270.28,298.85
2029-04-22 08:00,272.1,344.09
2029-04-22 09:00,288.01,395.44
2029-04-22 10:00,292.52,429.58
2029-04-22 11:00,290.42,445.64
2029-04-22 12:00,286.45,447.98
2029-04-22 13:00,285.91,444.79
2029-04-22 14:00,286.58,428.42
2029-04-22 15:00,290.01,403.05
2029-04-22 16:00,285.31,373.4
2029-04-22 17:00,277.68,323.7
2029-04-22 18:00,271.69,290.15
2029-04-22 19:00,281.6,279.03
2029-04-22 20:00,275.91,285.23
2029-04-22 21:00,277.52,284.63
2029-04-22 22:00,284.3,283.04
2029-04-22 23:00,286.14,278.0
2029-04-23 00:00,283.35,287.96
2029-04-23 01:00,277.81,291.23
2029-04-23 02:00,272.0,281.29
2029-04-23 03:00,269.14,272.09
2029-04-23 04:00,266.4,264.03
2029-04-23 05:00,266.36,262.88
2029-04-23 06:00,268.6,271.53
2029-04-23 07:00,266.72,300.93
2029-04-23 08:00,265.21,341.67
2029-04-23 09:00,277.2,386.19
2029-04-23 10:00,282.0,415.83
2029-04-23 11:00,284.27,434.51
2029-04-23 12:00,279.96,438.55
2029-04-23 13:00,273.25,436.5
2029-04-23 14:00,278.22,424.46
2029-04-23 15:00,279.87,387.65
2029-04-23 16:00,275.42,352.27
2029-04-23 17:00,267.48,310.82
2029-04-23 18:00,263.34,281.91
2029-04-23 19:00,272.96,267.28
2029-04-23 20:00,274.98,270.59
2029-04-23 21:00,282.86,286.27
2029-04-23 22:00,288.04,278.63
2029-04-23 23:00,284.47,276.68
2029-04-24 00:00,281.04,287.8
2029-04-24 01:00,278.51,287.62
2029-04-24 02:00,275.5,283.65
2029-04-24 03:00,272.1,274.81
2029-04-24 04:00,269.28,270.21
2029-04-24 05:00,270.6,266.99
2029-04-24 06:00,273.38,270.49
2029-04-24 07:00,272.43,314.31
2029-04-24 08:00,273.84,359.79
2029-04-24 09:00,288.73,419.96
2029-04-24 10:00,290.98,452.51
2029-04-24 11:00,291.09,470.51
2029-04-24 12:00,290.73,463.62
2029-04-24 13:00,287.93,466.25
2029-04-24 14:00,292.35,442.74
2029-04-24 15:00,296.74,413.71
2029-04-24 16:00,290.46,369.2
2029-04-24 17:00,277.41,318.27
2029-04-24 18:00,276.23,282.93
2029-04-24 19:00,286.36,266.7
2029-04-24 20:00,287.09,269.74
2029-04-24 21:00,288.95,262.26
2029-04-24 22:00,291.23,272.47
2029-04-24 23:00,288.03,278.1
2029-04-25 00:00,291.3,286.37
2029-04-25 01:00,284.96,288.13
2029-04-25 02:00,278.16,282.56
2029-04-25 03:00,275.58,279.06
2029-04-25 04:00,275.45,275.59
2029-04-25 05:00,277.32,271.6
2029-04-25 06:00,282.49,280.73
2029-04-25 07:00,283.35,323.4
2029-04-25 08:00,286.14,368.01
2029-04-25 09:00,296.18,409.21
2029-04-25 10:00,302.36,453.54
2029-04-25 11:00,304.28,469.32
2029-04-25 12:00,302.83,477.64
2029-04-25 13:00,298.75,472.05
2029-04-25 14:00,303.88,462.01
2029-04-25 15:00,307.11,434.02
2029-04-25 16:00,301.42,395.51
2029-04-25 17:00,289.28,345.62
2029-04-25 18:00,284.4,305.27
2029-04-25 19:00,291.81,290.35
2029-04-25 20:00,288.74,292.68
2029-04-25 21:00,291.35,286.04
2029-04-25 22:00,299.83,292.78
2029-04-25 23:00,296.86,287.33
2029-04-26 00:00,287.66,285.01
2029-04-26 01:00,282.08,277.84
2029-04-26 02:00,272.68,275.23
2029-04-26 03:00,268.43,274.07
2029-04-26 04:00,266.42,279.84
2029-04-26 05:00,270.48,277.0
2029-04-26 06:00,271.94,279.92
2029-04-26 07:00,272.66,308.77
2029-04-26 08:00,274.19,365.3
2029-04-26 09:00,285.74,415.18
2029-04-26 10:00,292.14,457.14
2029-04-26 11:00,292.81,466.68
2029-04-26 12:00,292.1,469.5
2029-04-26 13:00,286.56,463.25
2029-04-26 14:00,292.9,446.27
2029-04-26 15:00,294.75,420.96
2029-04-26 16:00,293.31,387.26
2029-04-26 17:00,281.43,348.28
2029-04-26 18:00,274.27,312.81
2029-04-26 19:00,286.76,306.9
2029-04-26 20:00,286.81,295.64
2029-04-26 21:00,288.97,292.6
2029-04-26 22:00,290.18,292.54
2029-04-26 23:00,292.73,293.41
2029-04-27 00:00,268.83,270.5
2029-04-27 01:00,262.07,265.53
2029-04-27 02:00,257.51,265.97
2029-04-27 03:00,253.8,264.19
2029-04-27 04:00,255.01,262.7
2029-04-27 05:00,251.85,259.01
2029-04-27 06:00,252.75,258.35
2029-04-27 07:00,252.81,288.0
2029-04-27 08:00,257.46,346.02
2029-04-27 09:00,270.69,406.63
2029-04-27 10:00,282.99,434.91
2029-04-27 11:00,285.38,452.5
2029-04-27 12:00,281.41,457.05
2029-04-27 13:00,275.83,446.3
2029-04-27 14:00,280.73,423.77
2029-04-27 15:00,286.01,390.82
2029-04-27 16:00,278.62,358.89
2029-04-27 17:00,261.86,306.15
2029-04-27 18:00,253.64,280.46
2029-04-27 19:00,264.36,268.58
2029-04-27 20:00,267.98,266.25
2029-04-27 21:00,271.46,268.17
2029-04-27 22:00,273.91,267.71
2029-04-27 23:00,275.2,262.31
2029-04-28 00:00,281.35,280.56
2029-04-28 01:00,274.44,273.88
2029-04-28 02:00,266.67,271.26
2029-04-28 03:00,263.82,261.9
2029-04-28 04:00,259.6,254.73
2029-04-28 05:00,257.91,264.02
2029-04-28 06:00,260.41,272.05
2029-04-28 07:00,259.82,307.12
2029-04-28 08:00,258.61,357.5
2029-04-28 09:00,270.31,396.25
2029-04-28 10:00,280.25,435.58
2029-04-28 11:00,285.81,461.13
2029-04-28 12:00,290.48,469.53
2029-04-28 13:00,286.27,460.89
2029-04-28 14:00,293.36,447.35
2029-04-28 15:00,299.64,427.51
2029-04-28 16:00,294.28,392.69
2029-04-28 17:00,284.26,349.17
2029-04-28 18:00,278.8,301.91
2029-04-28 19:00,290.15,298.9
2029-04-28 20:00,289.07,299.4
2029-04-28 21:00,287.25,287.06
2029-04-28 22:00,292.4,297.78
2029-04-28 23:00,293.56,293.7
2029-04-29 00:00,279.32,267.74
2029-04-29 01:00,270.29,264.05
2029-04-29 02:00,260.64,249.85
2029-04-29 03:00,258.69,251.25
2029-04-29 04:00,257.95,252.36
2029-04-29 05:00,263.1,247.11
2029-04-29 06:00,266.24,250.08
2029-04-29 07:00,269.38,289.57
2029-04-29 08:00,270.75,341.19
2029-04-29 09:00,278.79,387.3
2029-04-29 10:00,286.25,420.8
2029-04-29 11:00,288.19,435.71
2029-04-29 12:00,284.67,438.92
2029-04-29 13:00,286.09,439.14
2029-04-29 14:00,289.87,422.94
2029-04-29 15:00,294.03,394.54
2029-04-29 16:00,288.43,363.22
2029-04-29 17:00,275.61,320.37
2029-04-29 18:00,273.13,289.25
2029-04-29 19:00,282.75,282.86
2029-04-29 20:00,280.32,276.36
2029-04-29 21:00,278.31,279.23
2029-04-29 22:00,285.16,275.72
2029-04-29 23:00,283.17,282.19
2029-04-30 00:00,278.2,268.64
2029-04-30 01:00,272.81,252.6
2029-04-30 02:00,264.52,252.55
2029-04-30 03:00,262.65,253.52
2029-04-30 04:00,259.6,250.19
2029-04-30 05:00,258.72,248.55
2029-04-30 06:00,256.24,245.97
2029-04-30 07:00,259.21,282.94
2029-04-30 08:00,265.2,340.77
2029-04-30 09:00,275.35,385.09
2029-04-30 10:00,283.5,419.4
2029-04-30 11:00,287.04,429.7
2029-04-30 12:00,288.73,446.15
2029-04-30 13:00,283.04,439.68
2029-04-30 14:00,290.38,431.87
2029-04-30 15:00,294.14,404.09
2029-04-30 16:00,286.2,365.96
2029-04-30 17:00,274.12,322.84
2029-04-30 18:00,265.75,285.15
2029-04-30 19:00,280.66,280.95
2029-04-30 20:00,284.66,268.51
2029-04-30 21:00,286.43,269.42
2029-04-30 22:00,289.3,268.03
2029-04-30 23:00,293.39,262.85
2029-05-01 00:00,276.4,245.67
2029-05-01 01:00,264.47,241.5
2029-05-01 02:00,257.3,234.46
2029-05-01 03:00,251.42,225.54
2029-05-01 04:00,254.51,228.29
2029-05-01 05:00,258.36,233.01
2029-05-01 06:00,260.97,236.36
2029-05-01 07:00,262.19,274.16
2029-05-01 08:00,266.45,319.2
2029-05-01 09:00,275.89,367.63
2029-05-01 10:00,283.14,407.91
2029-05-01 11:00,280.96,416.8
2029-05-01 12:00,282.13,414.66
2029-05-01 13:00,277.86,416.15
2029-05-01 14:00,282.8,410.99
2029-05-01 15:00,285.32,381.29
2029-05-01 16:00,280.79,342.05
2029-05-01 17:00,267.09,287.1
2029-05-01 18:00,257.88,248.64
2029-05-01 19:00,268.11,241.23
2029-05-01 20:00,270.36,248.0
2029-05-01 21:00,271.75,253.14
2029-05-01 22:00,274.46,246.9
2029-05-01 23:00,277.38,246.28
2029-05-02 00:00,271.32,239.72
2029-05-02 01:00,262.33,238.11
2029-05-02 02:00,256.46,231.29
2029-05-02 03:00,253.59,234.14
2029-05-02 04:00,249.6,228.85
2029-05-02 05:00,255.4,231.25
2029-05-02 06:00,257.35,232.52
2029-05-02 07:00,255.8,269.3
2029-05-02 08:00,257.0,312.51
2029-05-02 09:00,269.6,359.52
2029-05-02 10:00,272.23,387.09
2029-05-02 11:00,272.52,401.28
2029-05-02 12:00,273.44,405.68
2029-05-02 13:00,269.16,400.42
2029-05-02 14:00,276.0,391.07
2029-05-02 15:00,280.36,365.82
2029-05-02 16:00,271.18,325.36
2029-05-02 17:00,262.62,283.44
2029-05-02 18:00,259.59,259.14
2029-05-02 19:00,268.35,242.67
2029-05-02 20:00,269.37,247.11
2029-05-02 21:00,272.6,244.82
2029-05-02 22:00,276.69,242.49
2029-05-02 23:00,277.16,243.41
2029-05-03 00:00,278.73,253.5
2029-05-03 01:00,272.23,260.41
2029-05-03 02:00,264.66,260.15
2029-05-03 03:00,262.66,256.9
2029-05-03 04:00,257.99,252.52
2029-05-03 05:00,260.21,258.96
2029-05-03 06:00,262.24,254.38
2029-05-03 07:00,262.21,289.44
2029-05-03 08:00,266.47,341.29
2029-05-03 09:00,276.65,390.05
2029-05-03 10:00,286.68,424.67
2029-05-03 11:00,290.69,438.75
2029-05-03 12:00,288.79,446.12
2029-05-03 13:00,287.16,444.01
2029-05-03 14:00,294.49,432.73
2029-05-03 15:00,295.91,399.44
2029-05-03 16:00,288.96,364.75
2029-05-03 17:00,274.27,318.68
2029-05-03 18:00,269.13,293.97
2029-05-03 19:00,275.95,279.8
2029-05-03 20:00,275.38,274.64
2029-05-03 21:00,277.07,267.9
2029-05-03 22:00,281.47,264.78
2029-05-03 23:00,281.15,251.29
2029-05-04 00:00,286.15,266.9
2029-05-04 01:00,278.43,263.47
2029-05-04 02:00,275.39,266.77
2029-05-04 03:00,270.2,268.6
2029-05-04 04:00,269.83,272.55
2029-05-04 05:00,273.49,275.26
2029-05-04 06:00,274.66,281.31
2029-05-04 07:00,273.44,320.91
2029-05-04 08:00,278.16,368.39
2029-05-04 09:00,290.03,415.14
2029-05-04 10:00,296.46,453.61
2029-05-04 11:00,294.01,460.73
2029-05-04 12:00,294.68,462.84
2029-05-04 13:00,291.62,446.21
2029-05-04 14:00,300.3,433.69
2029-05-04 15:00,303.27,408.75
2029-05-04 16:00,299.47,375.21
2029-05-04 17:00,288.1,334.62
2029-05-04 18:00,284.58,299.41
2029-05-04 19:00,293.46,293.13
2029-05-04 20:00,295.68,298.09
2029-05-04 21:00,294.81,292.14
2029-05-04 22:00,296.86,282.49
2029-05-04 23:00,297.03,286.45
2029-05-05 00:00,297.49,280.15
2029-05-05 01:00,291.15,281.01
2029-05-05 02:00,282.5,275.67
2029-05-05 03:00,279.79,275.7
2029-05-05 04:00,273.88,272.13
2029-05-05 05:00,274.5,276.76
2029-05-05 06:00,278.66,272.4
2029-05-05 07:00,279.77,303.89
2029-05-05 08:00,280.07,352.43
2029-05-05 09:00,292.28,396.44
2029-05-05 10:00,295.42,413.76
2029-05-05 11:00,300.3,430.11
2029-05-05 12:00,300.42,436.43
2029-05-05 13:00,295.22,438.75
2029-05-05 14:00,298.98,418.1
2029-05-05 15:00,303.99,405.95
2029-05-05 16:00,296.22,359.79
2029-05-05 17:00,283.37,310.34
2029-05-05 18:00,273.34,273.4
2029-05-05 19:00,286.13,265.44
2029-05-05 20:00,287.87,265.64
2029-05-05 21:00,289.85,267.53
2029-05-05 22:00,292.78,269.18
2029-05-05 23:00,294.31,264.03
2029-05-06 00:00,286.97,269.42
2029-05-06 01:00,282.65,276.75
2029-05-06 02:00,277.67,270.27
2029-05-06 03:00,271.01,268.72
2029-05-06 04:00,269.73,269.49
2029-05-06 05:00,269.93,264.52
2029-05-06 06:00,274.0,262.43
2029-05-06 07:00,273.07,297.49
2029-05-06 08:00,277.23,366.45
2029-05-06 09:00,288.89,413.86
2029-05-06 10:00,296.7,443.79
2029-05-06 11:00,302.43,466.06
2029-05-06 12:00,303.8,473.42
2029-05-06 13:00,299.68,463.28
2029-05-06 14:00,301.07,437.19
2029-05-06 15:00,305.99,406.07
2029-05-06 16:00,299.58,376.68
2029-05-06 17:00,284.6,339.51
2029-05-06 18:00,278.17,300.73
2029-05-06 19:00,287.16,293.07
2029-05-06 20:00,291.06,292.16
2029-05-06 21:00,292.39,280.28
2029-05-06 22:00,297.62,278.19
2029-05-06 23:00,298.35,281.59
2029-05-07 00:00,292.28,272.5
2029-05-07 01:00,284.48,274.11
2029-05-07 02:00,280.33,269.37
2029-05-07 03:00,271.53,270.09
2029-05-07 04:00,268.19,266.51
2029-05-07 05:00,271.87,268.58
2029-05-07 06:00,271.99,275.69
2029-05-07 07:00,275.17,315.03
2029-05-07 08:00,278.05,361.04
2029-05-07 09:00,288.12,395.25
2029-05-07 10:00,298.14,428.73
2029-05-07 11:00,302.09,449.33
2029-05-07 12:00,300.67,451.5
2029-05-07 13:00,295.81,442.79
2029-05-07 14:00,304.28,435.64
2029-05-07 15:00,303.3,400.62
2029-05-07 16:00,298.3,377.5
2029-05-07 17:00,283.5,312.64
2029-05-07 18:00,278.16,290.85
2029-05-07 19:00,288.42,280.23
2029-05-07 20:00,291.55,289.91
2029-05-07 21:00,295.56,288.6
2029-05-07 22:00,299.98,291.78
2029-05-07 23:00,299.73,287.71
2029-05-08 00:00,298.22,286.41
2029-05-08 01:00,289.97,282.21
2029-05-08 02:00,279.71,274.12
2029-05-08 03:00,274.04,274.55
2029-05-08 04:00,270.54,269.36
2029-05-08 05:00,267.63,270.23
2029-05-08 06:00,267.02,268.07
2029-05-08 07:00,269.56,308.22
2029-05-08 08:00,274.69,360.52
2029-05-08 09:00,281.97,398.32
2029-05-08 10:00,287.97,426.09
2029-05-08 11:00,292.95,440.44
2029-05-08 12:00,294.57,438.38
2029-05-08 13:00,295.25,437.99
2029-05-08 14:00,297.69,425.13
2029-05-08 15:00,298.74,390.84
2029-05-08 16:00,289.56,360.55
2029-05-08 17:00,278.98,322.42
2029-05-08 18:00,273.31,279.28
2029-05-08 19:00,284.39,271.83
2029-05-08 20:00,288.32,268.71
2029-05-08 21:00,293.17,261.98
2029-05-08 22:00,298.07,267.68
2029-05-08 23:00,299.45,274.47
2029-05-09 00:00,287.57,254.87
2029-05-09 01:00,281.34,250.26
2029-05-09 02:00,271.76,247.21
2029-05-09 03:00,266.54,241.65
2029-05-09 04:00,263.53,248.88
2029-05-09 05:00,266.21,246.24
2029-05-09 06:00,267.63,247.06
2029-05-09 07:00,268.18,281.02
2029-05-09 08:00,275.14,338.5
2029-05-09 09:00,285.59,380.96
2029-05-09 10:00,296.06,412.11
2029-05-09 11:00,296.58,437.32
2029-05-09 12:00,297.87,445.89
2029-05-09 13:00,293.89,442.44
2029-05-09 14:00,297.81,428.39
2029-05-09 15:00,297.08,399.65
2029-05-09 16:00,289.61,356.7
2029-05-09 17:00,277.96,323.95
2029-05-09 18:00,268.15,285.44
2029-05-09 19:00,277.21,276.71
2029-05-09 20:00,281.72,280.3
2029-05-09 21:00,283.42,270.12
2029-05-09 22:00,290.98,275.13
2029-05-09 23:00,293.28,272.69
2029-05-10 00:00,297.96,275.1
2029-05-10 01:00,292.96,266.4
2029-05-10 02:00,285.19,269.01
2029-05-10 03:00,280.78,263.17
2029-05-10 04:00,278.76,259.74
2029-05-10 05:00,277.71,256.11
2029-05-10 06:00,278.83,260.14
2029-05-10 07:00,281.54,308.68
2029-05-10 08:00,285.45,360.43
2029-05-10 09:00,294.82,396.12
2029-05-10 10:00,303.51,434.32
2029-05-10 11:00,309.14,453.65
2029-05-10 12:00,308.21,455.73
2029-05-10 13:00,304.16,446.99
2029-05-10 14:00,309.25,437.48
2029-05-10 15:00,311.5,413.1
2029-05-10 16:00,305.4,375.73
2029-05-10 17:00,294.27,329.22
2029-05-10 18:00,287.13,292.38
2029-05-10 19:00,298.33,276.94
2029-05-10 20:00,295.98,280.57
2029-05-10 21:00,298.45,281.59
2029-05-10 22:00,301.68,277.81
2029-05-10 23:00,300.8,277.04
2029-05-11 00:00,303.55,276.95
2029-05-11 01:00,292.97,268.11
2029-05-11 02:00,290.49,270.58
2029-05-11 03:00,283.78,271.95
2029-05-11 04:00,279.79,264.97
2029-05-11 05:00,280.3,255.61
2029-05-11 06:00,279.25,252.25
2029-05-11 07:00,280.99,298.58
2029-05-11 08:00,286.4,346.42
2029-05-11 09:00,296.79,396.65
2029-05-11 10:00,306.76,439.07
2029-05-11 11:00,311.3,456.14
2029-05-11 12:00,312.04,463.19
2029-05-11 13:00,310.44,456.17
2029-05-11 14:00,316.29,439.81
2029-05-11 15:00,318.23,408.72
2029-05-11 16:00,310.35,373.71
2029-05-11 17:00,297.3,331.4
2029-05-11 18:00,290.58,301.16
2029-05-11 19:00,300.82,296.82
2029-05-11 20:00,303.56,295.87
2029-05-11 21:00,305.84,297.99
2029-05-11 22:00,310.44,306.43
2029-05-11 23:00,309.43,302.63
2029-05-12 00:00,293.42,276.13
2029-05-12 01:00,286.01,278.59
2029-05-12 02:00,284.79,282.77
2029-05-12 03:00,275.69,271.34
2029-05-12 04:00,271.68,259.63
2029-05-12 05:00,272.04,256.4
2029-05-12 06:00,268.6,248.46
2029-05-12 07:00,272.44,287.39
2029-05-12 08:00,274.07,334.76
2029-05-12 09:00,284.58,381.4
2029-05-12 10:00,292.07,411.15
2029-05-12 11:00,300.48,438.23
2029-05-12 12:00,300.68,441.78
2029-05-12 13:00,298.59,435.77
2029-05-12 14:00,306.63,423.61
2029-05-12 15:00,306.27,391.63
2029-05-12 16:00,301.08,354.95
2029-05-12 17:00,291.01,311.61
2029-05-12 18:00,282.38,277.92
2029-05-12 19:00,291.69,276.69
2029-05-12 20:00,293.8,271.13
2029-05-12 21:00,300.2,271.75
2029-05-12 22:00,306.34,271.64
2029-05-12 23:00,306.79,271.23
2029-05-13 00:00,289.97,272.94
2029-05-13 01:00,280.97,266.34
2029-05-13 02:00,273.48,266.26
2029-05-13 03:00,266.37,263.75
2029-05-13 04:00,263.29,263.96
2029-05-13 05:00,269.74,266.08
2029-05-13 06:00,270.16,260.62
2029-05-13 07:00,269.67,301.17
2029-05-13 08:00,276.4,359.74
2029-05-13 09:00,287.1,403.91
2029-05-13 10:00,294.12,430.98
2029-05-13 11:00,300.58,456.54
2029-05-13 12:00,304.28,452.88
2029-05-13 13:00,303.29,451.51
2029-05-13 14:00,307.65,447.27
2029-05-13 15:00,305.71,419.43
2029-05-13 16:00,296.28,385.21
2029-05-13 17:00,281.33,331.62
2029-05-13 18:00,274.46,296.87
2029-05-13 19:00,284.79,289.34
2029-05-13 20:00,286.06,292.99
2029-05-13 21:00,286.57,290.67
2029-05-13 22:00,290.49,293.5
2029-05-13 23:00,287.23,281.43
2029-05-14 00:00,288.79,295.11
2029-05-14 01:00,282.02,289.54
2029-05-14 02:00,274.78,289.69
2029-05-14 03:00,268.97,277.99
2029-05-14 04:00,267.14,271.53
2029-05-14 05:00,264.68,266.18
2029-05-14 06:00,266.27,266.47
2029-05-14 07:00,268.7,310.56
2029-05-14 08:00,278.76,366.31
2029-05-14 09:00,288.27,403.21
2029-05-14 10:00,298.32,433.79
2029-05-14 11:00,300.57,456.41
2029-05-14 12:00,300.03,461.13
2029-05-14 13:00,298.22,460.46
2029-05-14 14:00,306.67,438.62
2029-05-14 15:00,308.42,415.8
2029-05-14 16:00,302.75,379.76
2029-05-14 17:00,286.55,334.9
2029-05-14 18:00,284.26,310.76
2029-05-14 19:00,295.08,296.64
2029-05-14 20:00,295.44,304.98
2029-05-14 21:00,297.75,305.65
2029-05-14 22:00,297.62,300.88
2029-05-14 23:00,298.33,306.38
2029-05-15 00:00,297.89,310.44
2029-05-15 01:00,292.06,308.79
2029-05-15 02:00,284.95,298.5
2029-05-15 03:00,281.88,297.69
2029-05-15 04:00,278.87,291.15
2029-05-15 05:00,273.95,283.38
2029-05-15 06:00,274.07,281.26
2029-05-15 07:00,275.15,326.08
2029-05-15 08:00,281.82,377.49
2029-05-15 09:00,291.37,428.48
2029-05-15 10:00,298.59,455.18
2029-05-15 11:00,304.76,468.58
2029-05-15 12:00,306.39,468.36
2029-05-15 13:00,302.58,457.61
2029-05-15 14:00,308.67,442.53
2029-05-15 15:00,309.58,408.76
2029-05-15 16:00,301.27,372.11
2029-05-15 17:00,287.49,336.99
2029-05-15 18:00,279.06,306.96
2029-05-15 19:00,291.37,303.17
2029-05-15 20:00,298.36,310.97
2029-05-15 21:00,303.01,302.71
2029-05-15 22:00,309.83,311.78
2029-05-15 23:00,306.55,304.14
2029-05-16 00:00,303.02,292.66
2029-05-16 01:00,299.39,292.88
2029-05-16 02:00,290.03,292.57
2029-05-16 03:00,281.34,286.87
2029-05-16 04:00,279.87,291.77
2029-05-16 05:00,283.87,294.38
2029-05-16 06:00,284.04,289.61
2029-05-16 07:00,284.65,334.79
2029-05-16 08:00,287.22,378.93
2029-05-16 09:00,299.45,426.33
2029-05-16 10:00,300.71,445.01
2029-05-16 11:00,306.59,466.84
2029-05-16 12:00,307.16,466.81
2029-05-16 13:00,305.86,466.53
2029-05-16 14:00,310.15,447.4
2029-05-16 15:00,313.3,423.74
2029-05-16 16:00,304.14,393.79
2029-05-16 17:00,290.69,348.1
2029-05-16 18:00,286.66,321.51
2029-05-16 19:00,296.71,305.97
2029-05-16 20:00,299.82,301.17
2029-05-16 21:00,299.63,296.54
2029-05-16 22:00,305.57,296.9
2029-05-16 23:00,307.42,299.33
2029-05-17 00:00,296.25,277.29
2029-05-17 01:00,294.79,289.52
2029-05-17 02:00,286.15,296.4
2029-05-17 03:00,282.88,294.59
2029-05-17 04:00,280.94,306.14
2029-05-17 05:00,283.01,301.66
2029-05-17 06:00,280.97,294.09
2029-05-17 07:00,277.76,337.07
2029-05-17 08:00,283.96,388.39
2029-05-17 09:00,294.09,428.53
2029-05-17 10:00,298.21,454.74
2029-05-17 11:00,302.32,471.64
2029-05-17 12:00,305.05,472.4
2029-05-17 13:00,307.77,474.91
2029-05-17 14:00,311.02,453.89
2029-05-17 15:00,311.71,425.24
2029-05-17 16:00,302.97,385.12
2029-05-17 17:00,287.24,337.49
2029-05-17 18:00,280.38,300.54
2029-05-17 19:00,287.99,299.26
2029-05-17 20:00,291.85,296.83
2029-05-17 21:00,296.92,298.41
2029-05-17 22:00,304.08,304.19
2029-05-17 23:00,301.75,307.37
2029-05-18 00:00,290.2,283.82
2029-05-18 01:00,283.0,278.82
2029-05-18 02:00,279.06,276.56
2029-05-18 03:00,274.72,278.31
2029-05-18 04:00,268.99,260.64
2029-05-18 05:00,265.65,256.11
2029-05-18 06:00,268.55,255.83
2029-05-18 07:00,270.86,296.91
2029-05-18 08:00,276.25,352.25
2029-05-18 09:00,289.84,405.25
2029-05-18 10:00,299.21,445.2
2029-05-18 11:00,302.79,462.29
2029-05-18 12:00,302.41,462.62
2029-05-18 13:00,300.12,452.96
2029-05-18 14:00,304.36,427.84
2029-05-18 15:00,306.39,403.81
2029-05-18 16:00,298.83,369.39
2029-05-18 17:00,289.59,327.88
2029-05-18 18:00,283.62,286.63
2029-05-18 19:00,291.59,283.52
2029-05-18 20:00,296.83,282.2
2029-05-18 21:00,296.83,285.46
2029-05-18 22:00,301.98,296.66
2029-05-18 23:00,300.47,291.48
2029-05-19 00:00,274.81,254.89
2029-05-19 01:00,264.57,241.88
2029-05-19 02:00,258.28,240.42
2029-05-19 03:00,253.52,244.57
2029-05-19 04:00,251.52,239.63
2029-05-19 05:00,251.1,236.52
2029-05-19 06:00,252.25,233.34
2029-05-19 07:00,252.36,267.82
2029-05-19 08:00,255.55,317.2
2029-05-19 09:00,268.31,362.85
2029-05-19 10:00,278.23,394.25
2029-05-19 11:00,282.65,410.53
2029-05-19 12:00,289.37,420.64
2029-05-19 13:00,290.79,420.84
2029-05-19 14:00,296.14,410.27
2029-05-19 15:00,297.29,380.17
2029-05-19 16:00,288.88,344.47
2029-05-19 17:00,273.15,298.27
2029-05-19 18:00,271.51,273.07
2029-05-19 19:00,281.2,271.75
2029-05-19 20:00,283.2,272.87
2029-05-19 21:00,283.55,268.56
2029-05-19 22:00,288.51,266.05
2029-05-19 23:00,288.82,259.41
2029-05-20 00:00,280.59,256.14
2029-05-20 01:00,274.55,253.53
2029-05-20 02:00,268.56,242.25
2029-05-20 03:00,261.11,237.79
2029-05-20 04:00,259.3,237.96
2029-05-20 05:00,261.87,243.09
2029-05-20 06:00,259.13,233.64
2029-05-20 07:00,258.19,275.44
2029-05-20 08:00,264.53,334.41
2029-05-20 09:00,273.65,377.1
2029-05-20 10:00,283.36,405.23
2029-05-20 11:00,288.65,420.76
2029-05-20 12:00,289.77,423.31
2029-05-20 13:00,291.21,416.9
2029-05-20 14:00,299.46,410.93
2029-05-20 15:00,301.41,382.75
2029-05-20 16:00,292.15,343.73
2029-05-20 17:00,278.53,303.88
2029-05-20 18:00,267.45,268.06
2029-05-20 19:00,277.24,262.87
2029-05-20 20:00,279.46,266.7
2029-05-20 21:00,279.27,259.92
2029-05-20 22:00,282.26,250.64
2029-05-20 23:00,285.43,256.01
2029-05-21 00:00,269.6,269.52
2029-05-21 01:00,263.19,264.99
2029-05-21 02:00,256.81,261.17
2029-05-21 03:00,251.51,258.23
2029-05-21 04:00,248.18,257.88
2029-05-21 05:00,249.08,252.71
2029-05-21 06:00,248.83,247.36
2029-05-21 07:00,249.38,285.12
2029-05-21 08:00,253.13,329.72
2029-05-21 09:00,263.54,379.41
2029-05-21 10:00,271.8,414.01
2029-05-21 11:00,277.08,428.33
2029-05-21 12:00,278.73,428.11
2029-05-21 13:00,277.83,430.97
2029-05-21 14:00,283.68,423.95
2029-05-21 15:00,284.97,395.59
2029-05-21 16:00,276.55,360.8
2029-05-21 17:00,263.0,314.89
2029-05-21 18:00,256.67,294.03
2029-05-21 19:00,266.02,285.78
2029-05-21 20:00,268.98,285.01
2029-05-21 21:00,271.53,291.73
2029-05-21 22:00,275.85,289.61
2029-05-21 23:00,277.56,286.14
2029-05-22 00:00,275.0,271.46
2029-05-22 01:00,267.73,267.0
2029-05-22 02:00,262.81,261.76
2029-05-22 03:00,259.68,257.56
2029-05-22 04:00,255.44,260.87
2029-05-22 05:00,253.51,256.35
2029-05-22 06:00,256.09,258.55
2029-05-22 07:00,256.48,301.21
2029-05-22 08:00,258.95,353.64
2029-05-22 09:00,267.06,394.19
2029-05-22 10:00,277.32,429.89
2029-05-22 11:00,279.99,443.69
2029-05-22 12:00,282.25,444.0
2029-05-22 13:00,280.92,429.35
2029-05-22 14:00,286.15,422.85
2029-05-22 15:00,291.24,400.87
2029-05-22 16:00,284.35,369.93
2029-05-22 17:00,270.33,333.54
2029-05-22 18:00,259.46,284.78
2029-05-22 19:00,268.32,275.42
2029-05-22 20:00,273.99,273.22
2029-05-22 21:00,279.45,267.89
2029-05-22 22:00,285.33,273.39
2029-05-22 23:00,284.92,266.82
2029-05-23 00:00,276.09,260.73
2029-05-23 01:00,265.09,250.23
2029-05-23 02:00,259.45,243.23
2029-05-23 03:00,253.88,245.39
2029-05-23 04:00,252.52,241.1
2029-05-23 05:00,254.27,245.36
2029-05-23 06:00,255.88,252.4
2029-05-23 07:00,256.45,289.03
2029-05-23 08:00,258.51,337.16
2029-05-23 09:00,269.91,378.98
2029-05-23 10:00,276.6,408.65
2029-05-23 11:00,280.79,424.0
2029-05-23 12:00,279.16,418.75
2029-05-23 13:00,278.33,417.23
2029-05-23 14:00,284.09,418.52
2029-05-23 15:00,285.85,398.18
2029-05-23 16:00,280.27,370.04
2029-05-23 17:00,264.6,323.9
2029-05-23 18:00,255.87,285.43
2029-05-23 19:00,265.39,265.66
2029-05-23 20:00,269.18,267.31
2029-05-23 21:00,271.74,263.26
2029-05-23 22:00,275.94,265.86
2029-05-23 23:00,275.12,272.9
2029-05-24 00:00,270.57,257.55
2029-05-24 01:00,263.94,248.11
2029-05-24 02:00,256.86,247.63
2029-05-24 03:00,251.16,244.55
2029-05-24 04:00,248.55,238.5
2029-05-24 05:00,249.6,233.61
2029-05-24 06:00,249.27,238.69
2029-05-24 07:00,249.98,275.62
2029-05-24 08:00,256.22,324.26
2029-05-24 09:00,268.68,368.5
2029-05-24 10:00,275.93,396.14
2029-05-24 11:00,282.42,421.52
2029-05-24 12:00,285.13,430.88
2029-05-24 13:00,285.42,427.45
2029-05-24 14:00,290.22,402.65
2029-05-24 15:00,291.51,388.27
2029-05-24 16:00,282.91,354.43
2029-05-24 17:00,269.33,307.88
2029-05-24 18:00,259.49,275.68
2029-05-24 19:00,266.73,267.37
2029-05-24 20:00,270.71,268.99
2029-05-24 21:00,273.71,279.19
2029-05-24 22:00,278.99,272.42
2029-05-24 23:00,280.92,269.03
2029-05-25 00:00,287.28,266.02
2029-05-25 01:00,281.64,258.48
2029-05-25 02:00,274.73,255.94
2029-05-25 03:00,269.92,250.63
2029-05-25 04:00,269.06,254.98
2029-05-25 05:00,269.76,259.11
2029-05-25 06:00,269.22,252.88
2029-05-25 07:00,271.72,294.68
2029-05-25 08:00,277.58,340.61
2029-05-25 09:00,286.63,379.3
2029-05-25 10:00,295.24,409.7
2029-05-25 11:00,299.11,425.49
2029-05-25 12:00,301.5,433.52
2029-05-25 13:00,298.99,434.03
2029-05-25 14:00,305.67,419.67
2029-05-25 15:00,306.99,398.0
2029-05-25 16:00,301.05,367.93
2029-05-25 17:00,286.05,323.05
2029-05-25 18:00,277.59,290.0
2029-05-25 19:00,288.38,278.08
2029-05-25 20:00,292.4,277.52
2029-05-25 21:00,294.43,278.4
2029-05-25 22:00,299.18,281.65
2029-05-25 23:00,300.71,286.23
2029-05-26 00:00,289.35,274.75
2029-05-26 01:00,282.49,278.26
2029-05-26 02:00,273.51,272.19
2029-05-26 03:00,265.08,266.6
2029-05-26 04:00,265.74,267.24
2029-05-26 05:00,266.07,262.89
2029-05-26 06:00,265.78,258.45
2029-05-26 07:00,262.22,305.09
2029-05-26 08:00,269.85,346.75
2029-05-26 09:00,276.79,377.66
2029-05-26 10:00,286.62,408.68
2029-05-26 11:00,292.25,428.64
2029-05-26 12:00,294.61,439.8
2029-05-26 13:00,290.27,435.56
2029-05-26 14:00,295.99,422.17
2029-05-26 15:00,297.36,398.41
2029-05-26 16:00,291.67,363.02
2029-05-26 17:00,278.56,322.72
2029-05-26 18:00,271.95,291.25
2029-05-26 19:00,280.42,278.77
2029-05-26 20:00,286.94,285.84
2029-05-26 21:00,287.85,284.56
2029-05-26 22:00,293.31,287.19
2029-05-26 23:00,293.22,282.76
2029-05-27 00:00,286.75,272.16
2029-05-27 01:00,280.82,271.42
2029-05-27 02:00,274.96,274.5
2029-05-27 03:00,268.85,269.81
2029-05-27 04:00,267.37,260.91
2029-05-27 05:00,267.4,262.49
2029-05-27 06:00,267.82,254.19
2029-05-27 07:00,268.26,289.81
2029-05-27 08:00,267.49,330.78
2029-05-27 09:00,273.52,370.44
2029-05-27 10:00,284.5,404.21
2029-05-27 11:00,291.95,423.22
2029-05-27 12:00,293.31,427.57
2029-05-27 13:00,294.68,429.35
2029-05-27 14:00,300.37,414.75
2029-05-27 15:00,301.53,381.3
2029-05-27 16:00,296.53,352.43
2029-05-27 17:00,282.12,309.55
2029-05-27 18:00,273.83,274.29
2029-05-27 19:00,281.78,263.51
2029-05-27 20:00,284.74,276.03
2029-05-27 21:00,289.16,278.75
2029-05-27 22:00,293.01,277.17
2029-05-27 23:00,291.08,286.93
2029-05-28 00:00,282.52,262.79
2029-05-28 01:00,273.6,257.68
2029-05-28 02:00,270.06,263.21
2029-05-28 03:00,265.06,254.31
2029-05-28 04:00,259.1,252.01
2029-05-28 05:00,258.43,260.07
2029-05-28 06:00,258.83,249.37
2029-05-28 07:00,256.66,286.21
2029-05-28 08:00,258.2,331.29
2029-05-28 09:00,267.39,359.12
2029-05-28 10:00,275.67,389.56
2029-05-28 11:00,285.73,411.35
2029-05-28 12:00,292.03,418.87
2029-05-28 13:00,294.59,417.69
2029-05-28 14:00,299.68,403.95
2029-05-28 15:00,301.59,379.28
2029-05-28 16:00,292.19,347.83
2029-05-28 17:00,277.67,301.96
2029-05-28 18:00,273.61,271.98
2029-05-28 19:00,283.07,264.48
2029-05-28 20:00,284.92,269.1
2029-05-28 21:00,284.01,266.3
2029-05-28 22:00,285.59,265.65
2029-05-28 23:00,284.83,264.48
2029-05-29 00:00,285.66,264.07
2029-05-29 01:00,277.27,258.49
2029-05-29 02:00,273.99,264.95
2029-05-29 03:00,270.33,262.36
2029-05-29 04:00,267.95,259.95
2029-05-29 05:00,270.13,272.87
2029-05-29 06:00,269.27,257.32
2029-05-29 07:00,272.91,300.97
2029-05-29 08:00,278.53,344.64
2029-05-29 09:00,291.8,386.17
2029-05-29 10:00,299.08,416.73
2029-05-29 11:00,304.62,433.39
2029-05-29 12:00,307.49,441.59
2029-05-29 13:00,305.78,439.84
2029-05-29 14:00,312.35,423.36
2029-05-29 15:00,311.7,390.29
2029-05-29 16:00,306.16,363.1
2029-05-29 17:00,290.4,317.79
2029-05-29 18:00,281.06,289.81
2029-05-29 19:00,290.36,274.72
2029-05-29 20:00,298.04,274.64
2029-05-29 21:00,301.34,277.94
2029-05-29 22:00,302.72,286.48
2029-05-29 23:00,298.48,284.75
2029-05-30 00:00,293.37,277.96
2029-05-30 01:00,286.95,284.04
2029-05-30 02:00,281.39,272.74
2029-05-30 03:00,278.8,272.89
2029-05-30 04:00,270.18,267.01
2029-05-30 05:00,274.46,267.8
2029-05-30 06:00,275.65,264.47
2029-05-30 07:00,279.67,301.1
2029-05-30 08:00,283.83,352.64
2029-05-30 09:00,293.21,385.46
2029-05-30 10:00,299.91,422.0
2029-05-30 11:00,307.74,443.56
2029-05-30 12:00,308.27,454.59
2029-05-30 13:00,303.86,449.56
2029-05-30 14:00,311.15,435.5
2029-05-30 15:00,311.83,405.93
2029-05-30 16:00,306.43,377.86
2029-05-30 17:00,292.52,329.02
2029-05-30 18:00,284.12,283.09
2029-05-30 19:00,289.32,274.91
2029-05-30 20:00,293.36,281.25
2029-05-30 21:00,299.49,281.54
2029-05-30 22:00,303.62,282.68
2029-05-30 23:00,301.57,287.5
2029-05-31 00:00,291.27,283.0
2029-05-31 01:00,283.69,272.27
2029-05-31 02:00,277.15,271.48
2029-05-31 03:00,271.41,268.27
2029-05-31 04:00,268.13,265.91
2029-05-31 05:00,268.8,255.88
2029-05-31 06:00,268.91,258.7
2029-05-31 07:00,271.82,300.59
2029-05-31 08:00,277.26,360.1
2029-05-31 09:00,285.05,400.8
2029-05-31 10:00,291.47,433.91
2029-05-31 11:00,295.41,452.68
2029-05-31 12:00,293.04,448.67
2029-05-31 13:00,296.75,436.92
2029-05-31 14:00,303.25,423.19
2029-05-31 15:00,304.6,388.2
2029-05-31 16:00,297.49,360.73
2029-05-31 17:00,283.83,324.44
2029-05-31 18:00,276.02,284.3
2029-05-31 19:00,283.11,270.58
2029-05-31 20:00,287.99,270.66
2029-05-31 21:00,292.69,270.29
2029-05-31 22:00,292.53,273.73
2029-05-31 23:00,290.67,284.99
2029-06-01 00:00,278.53,271.67
2029-06-01 01:00,274.91,273.43
2029-06-01 02:00,268.33,265.61
2029-06-01 03:00,263.57,266.51
2029-06-01 04:00,258.79,247.76
2029-06-01 05:00,257.69,239.82
2029-06-01 06:00,261.95,243.84
2029-06-01 07:00,262.02,273.22
2029-06-01 08:00,270.04,330.84
2029-06-01 09:00,281.17,381.13
2029-06-01 10:00,288.55,407.55
2029-06-01 11:00,294.71,432.73
2029-06-01 12:00,298.49,440.06
2029-06-01 13:00,297.25,430.74
2029-06-01 14:00,300.68,417.25
2029-06-01 15:00,300.09,393.14
2029-06-01 16:00,293.8,355.11
2029-06-01 17:00,279.11,311.5
2029-06-01 18:00,271.69,286.91
2029-06-01 19:00,282.82,273.96
2029-06-01 20:00,285.15,271.9
2029-06-01 21:00,287.45,272.42
2029-06-01 22:00,294.32,276.49
2029-06-01 23:00,292.95,267.27
2029-06-02 00:00,304.09,275.92
2029-06-02 01:00,299.18,271.36
2029-06-02 02:00,292.95,268.22
2029-06-02 03:00,288.46,265.84
2029-06-02 04:00,284.48,265.69
2029-06-02 05:00,285.21,269.25
2029-06-02 06:00,284.21,265.44
2029-06-02 07:00,281.16,304.44
2029-06-02 08:00,284.47,356.57
2029-06-02 09:00,292.68,395.73
2029-06-02 10:00,297.44,422.67
2029-06-02 11:00,302.7,442.69
2029-06-02 12:00,301.38,430.17
2029-06-02 13:00,302.31,428.32
2029-06-02 14:00,308.45,416.89
2029-06-02 15:00,311.61,398.97
2029-06-02 16:00,300.92,372.7
2029-06-02 17:00,287.92,327.24
2029-06-02 18:00,281.95,295.7
2029-06-02 19:00,293.07,283.78
2029-06-02 20:00,295.4,280.9
2029-06-02 21:00,298.71,279.73
2029-06-02 22:00,304.66,286.13
2029-06-02 23:00,306.16,279.35
2029-06-03 00:00,296.83,267.16
2029-06-03 01:00,291.54,271.79
2029-06-03 02:00,283.82,271.93
2029-06-03 03:00,277.45,268.23
2029-06-03 04:00,277.41,273.46
2029-06-03 05:00,277.42,267.36
2029-06-03 06:00,275.47,266.37
2029-06-03 07:00,277.41,304.93
2029-06-03 08:00,282.28,349.92
2029-06-03 09:00,292.22,391.4
2029-06-03 10:00,300.5,422.4
2029-06-03 11:00,307.55,444.2
2029-06-03 12:00,310.28,451.38
2029-06-03 13:00,307.32,447.57
2029-06-03 14:00,308.82,441.62
2029-06-03 15:00,307.27,395.83
2029-06-03 16:00,296.68,354.47
2029-06-03 17:00,281.75,316.26
2029-06-03 18:00,274.84,288.2
2029-06-03 19:00,283.27,272.37
2029-06-03 20:00,286.06,270.68
2029-06-03 21:00,289.14,267.35
2029-06-03 22:00,293.25,279.26
2029-06-03 23:00,292.6,284.3
2029-06-04 00:00,288.78,296.44
2029-06-04 01:00,284.35,294.62
2029-06-04 02:00,277.68,290.65
2029-06-04 03:00,271.11,285.71
2029-06-04 04:00,271.85,280.53
2029-06-04 05:00,268.99,277.96
2029-06-04 06:00,267.76,266.1
2029-06-04 07:00,274.16,306.91
2029-06-04 08:00,277.18,356.4
2029-06-04 09:00,287.82,405.33
2029-06-04 10:00,296.07,433.35
2029-06-04 11:00,302.84,446.11
2029-06-04 12:00,303.26,453.19
2029-06-04 13:00,302.72,436.89
2029-06-04 14:00,310.38,423.78
2029-06-04 15:00,313.66,400.37
2029-06-04 16:00,305.82,365.39
2029-06-04 17:00,290.19,329.3
2029-06-04 18:00,285.71,301.72
2029-06-04 19:00,293.39,290.76
2029-06-04 20:00,295.37,285.53
2029-06-04 21:00,298.11,285.46
2029-06-04 22:00,300.99,285.97
2029-06-04 23:00,300.45,282.48
2029-06-05 00:00,305.13,286.99
2029-06-05 01:00,297.65,281.92
2029-06-05 02:00,292.03,279.81
2029-06-05 03:00,283.96,275.77
2029-06-05 04:00,279.7,275.31
2029-06-05 05:00,281.31,282.05
2029-06-05 06:00,276.84,276.69
2029-06-05 07:00,278.85,305.54
2029-06-05 08:00,284.68,358.72
2029-06-05 09:00,293.63,395.69
2029-06-05 10:00,299.98,436.0
2029-06-05 11:00,308.87,456.99
2029-06-05 12:00,313.66,461.9
2029-06-05 13:00,313.76,455.78
2029-06-05 14:00,316.79,439.49
2029-06-05 15:00,312.61,414.12
2029-06-05 16:00,304.76,378.6
2029-06-05 17:00,293.1,338.66
2029-06-05 18:00,287.23,315.59
2029-06-05 19:00,295.5,300.16
2029-06-05 20:00,300.73,298.54
2029-06-05 21:00,306.45,299.4
2029-06-05 22:00,308.7,303.17
2029-06-05 23:00,309.72,309.98
2029-06-06 00:00,290.43,294.97
2029-06-06 01:00,282.47,287.26
2029-06-06 02:00,279.11,287.69
2029-06-06 03:00,276.16,289.75
2029-06-06 04:00,272.49,284.72
2029-06-06 05:00,270.34,280.28
2029-06-06 06:00,269.24,282.16
2029-06-06 07:00,270.87,319.88
2029-06-06 08:00,271.52,359.53
2029-06-06 09:00,284.29,407.69
2029-06-06 10:00,292.07,434.83
2029-06-06 11:00,296.86,453.09
2029-06-06 12:00,302.05,449.98
2029-06-06 13:00,302.42,445.44
2029-06-06 14:00,305.07,427.31
2029-06-06 15:00,305.53,420.43
2029-06-06 16:00,293.43,378.81
2029-06-06 17:00,279.57,335.64
2029-06-06 18:00,271.97,297.5
2029-06-06 19:00,279.82,279.53
2029-06-06 20:00,285.47,279.54
2029-06-06 21:00,290.42,287.28
2029-06-06 22:00,291.88,286.47
2029-06-06 23:00,291.66,291.5
2029-06-07 00:00,282.7,281.18
2029-06-07 01:00,281.21,278.73
2029-06-07 02:00,274.27,276.49
2029-06-07 03:00,270.09,271.89
2029-06-07 04:00,266.92,276.14
2029-06-07 05:00,269.39,274.57
2029-06-07 06:00,266.09,281.47
2029-06-07 07:00,268.84,319.69
2029-06-07 08:00,272.55,364.49
2029-06-07 09:00,286.57,401.64
2029-06-07 10:00,294.09,435.13
2029-06-07 11:00,301.38,449.21
2029-06-07 12:00,304.15,454.9
2029-06-07 13:00,300.73,451.03
2029-06-07 14:00,304.02,432.44
2029-06-07 15:00,305.39,409.5
2029-06-07 16:00,295.04,377.82
2029-06-07 17:00,278.32,333.8
2029-06-07 18:00,268.16,296.15
2029-06-07 19:00,277.22,287.76
2029-06-07 20:00,282.24,290.88
2029-06-07 21:00,284.17,283.38
2029-06-07 22:00,287.16,289.31
2029-06-07 23:00,286.1,285.83
2029-06-08 00:00,284.58,274.04
2029-06-08 01:00,276.25,266.82
2029-06-08 02:00,271.32,267.18
2029-06-08 03:00,266.21,268.21
2029-06-08 04:00,262.5,265.54
2029-06-08 05:00,263.21,269.3
2029-06-08 06:00,260.32,259.01
2029-06-08 07:00,264.06,299.88
2029-06-08 08:00,267.09,356.09
2029-06-08 09:00,277.66,396.98
2029-06-08 10:00,283.62,429.39
2029-06-08 11:00,290.9,447.95
2029-06-08 12:00,299.28,451.58
2029-06-08 13:00,298.16,441.57
2029-06-08 14:00,300.06,425.9
2029-06-08 15:00,302.87,406.45
2029-06-08 16:00,292.29,372.73
2029-06-08 17:00,282.49,333.58
2029-06-08 18:00,275.71,299.23
2029-06-08 19:00,281.7,285.52
2029-06-08 20:00,282.41,277.27
2029-06-08 21:00,279.32,270.78
2029-06-08 22:00,282.84,269.55
2029-06-08 23:00,285.71,270.43
2029-06-09 00:00,275.16,262.74
2029-06-09 01:00,266.57,263.69
2029-06-09 02:00,262.58,262.05
2029-06-09 03:00,257.75,254.45
2029-06-09 04:00,255.77,248.71
2029-06-09 05:00,252.13,243.81
2029-06-09 06:00,255.26,239.34
2029-06-09 07:00,257.37,283.41
2029-06-09 08:00,258.9,337.71
2029-06-09 09:00,269.14,383.12
2029-06-09 10:00,278.53,414.26
2029-06-09 11:00,283.24,440.76
2029-06-09 12:00,284.73,441.77
2029-06-09 13:00,285.77,432.31
2029-06-09 14:00,290.95,419.76
2029-06-09 15:00,295.26,398.93
2029-06-09 16:00,287.85,362.48
2029-06-09 17:00,272.86,319.36
2029-06-09 18:00,268.77,294.38
2029-06-09 19:00,277.4,274.99
2029-06-09 20:00,283.04,272.46
2029-06-09 21:00,287.58,272.46
2029-06-09 22:00,291.81,278.79
2029-06-09 23:00,289.83,283.17
2029-06-10 00:00,278.58,256.26
2029-06-10 01:00,270.83,247.31
2029-06-10 02:00,266.77,251.46
2029-06-10 03:00,261.77,253.46
2029-06-10 04:00,258.74,247.98
2029-06-10 05:00,261.63,249.04
2029-06-10 06:00,264.35,245.63
2029-06-10 07:00,265.82,287.92
2029-06-10 08:00,268.71,335.55
2029-06-10 09:00,279.31,392.99
2029-06-10 10:00,286.6,414.2
2029-06-10 11:00,291.2,442.65
2029-06-10 12:00,292.77,437.63
2029-06-10 13:00,293.43,434.29
2029-06-10 14:00,296.62,428.24
2029-06-10 15:00,297.4,408.21
2029-06-10 16:00,289.49,364.47
2029-06-10 17:00,277.12,313.15
2029-06-10 18:00,267.44,277.98
2029-06-10 19:00,275.4,268.26
2029-06-10 20:00,281.14,262.25
2029-06-10 21:00,286.28,268.34
2029-06-10 22:00,289.72,269.74
2029-06-10 23:00,289.04,261.92
2029-06-11 00:00,282.97,269.8
2029-06-11 01:00,275.95,255.98
2029-06-11 02:00,267.53,249.22
2029-06-11 03:00,264.79,247.4
2029-06-11 04:00,261.11,251.79
2029-06-11 05:00,258.1,238.44
2029-06-11 06:00,260.89,240.21
2029-06-11 07:00,263.01,286.38
2029-06-11 08:00,260.91,328.55
2029-06-11 09:00,269.53,376.99
2029-06-11 10:00,280.85,417.64
2029-06-11 11:00,287.14,440.22
2029-06-11 12:00,291.01,453.25
2029-06-11 13:00,286.94,453.28
2029-06-11 14:00,296.94,443.6
2029-06-11 15:00,298.3,411.64
2029-06-11 16:00,288.42,371.73
2029-06-11 17:00,273.1,324.59
2029-06-11 18:00,263.93,296.84
2029-06-11 19:00,272.24,280.74
2029-06-11 20:00,280.89,276.2
2029-06-11 21:00,281.17,279.79
2029-06-11 22:00,283.47,282.96
2029-06-11 23:00,281.55,277.25
2029-06-12 00:00,274.51,291.76
2029-06-12 01:00,268.44,286.35
2029-06-12 02:00,263.2,278.71
2029-06-12 03:00,256.45,270.94
2029-06-12 04:00,254.48,266.14
2029-06-12 05:00,254.1,255.51
2029-06-12 06:00,254.91,252.23
2029-06-12 07:00,255.2,297.23
2029-06-12 08:00,256.66,342.34
2029-06-12 09:00,266.41,381.16
2029-06-12 10:00,277.29,421.7
2029-06-12 11:00,283.26,446.51
2029-06-12 12:00,285.34,438.99
2029-06-12 13:00,286.27,430.1
2029-06-12 14:00,288.18,412.52
2029-06-12 15:00,288.04,387.7
2029-06-12 16:00,282.87,362.52
2029-06-12 17:00,267.43,323.18
2029-06-12 18:00,258.53,288.44
2029-06-12 19:00,267.3,271.95
2029-06-12 20:00,275.93,274.46
2029-06-12 21:00,277.83,277.04
2029-06-12 22:00,280.62,276.63
2029-06-12 23:00,277.91,279.45
2029-06-13 00:00,276.22,268.81
2029-06-13 01:00,268.97,261.34
2029-06-13 02:00,262.42,264.76
2029-06-13 03:00,255.56,259.59
2029-06-13 04:00,251.74,259.57
2029-06-13 05:00,253.53,256.81
2029-06-13 06:00,255.18,250.77
2029-06-13 07:00,254.91,286.11
2029-06-13 08:00,260.08,336.26
2029-06-13 09:00,270.72,388.56
2029-06-13 10:00,283.42,419.34
2029-06-13 11:00,286.72,432.3
2029-06-13 12:00,291.94,444.35
2029-06-13 13:00,293.93,440.72
2029-06-13 14:00,297.3,428.75
2029-06-13 15:00,296.98,409.32
2029-06-13 16:00,292.83,376.18
2029-06-13 17:00,280.16,331.12
2029-06-13 18:00,272.18,301.3
2029-06-13 19:00,281.49,283.17
2029-06-13 20:00,285.39,283.5
2029-06-13 21:00,287.3,281.44
2029-06-13 22:00,288.91,275.8
2029-06-13 23:00,291.69,272.69
2029-06-14 00:00,284.78,269.9
2029-06-14 01:00,276.41,266.8
2029-06-14 02:00,267.44,264.36
2029-06-14 03:00,260.29,266.04
2029-06-14 04:00,252.84,255.37
2029-06-14 05:00,256.06,257.6
2029-06-14 06:00,257.75,264.97
2029-06-14 07:00,258.35,287.21
2029-06-14 08:00,259.71,330.47
2029-06-14 09:00,268.2,378.07
2029-06-14 10:00,276.89,413.63
2029-06-14 11:00,286.82,431.0
2029-06-14 12:00,292.11,440.49
2029-06-14 13:00,295.17,441.42
2029-06-14 14:00,300.98,439.36
2029-06-14 15:00,302.07,417.11
2029-06-14 16:00,296.01,385.88
2029-06-14 17:00,279.92,341.47
2029-06-14 18:00,267.07,288.76
2029-06-14 19:00,274.4,273.37
2029-06-14 20:00,279.68,278.26
2029-06-14 21:00,282.07,279.46
2029-06-14 22:00,284.24,277.02
2029-06-14 23:00,279.48,268.0
2029-06-15 00:00,272.25,261.45
2029-06-15 01:00,266.77,263.95
2029-06-15 02:00,259.02,260.75
2029-06-15 03:00,254.07,250.85
2029-06-15 04:00,251.47,250.74
2029-06-15 05:00,251.6,245.71
2029-06-15 06:00,253.68,250.73
2029-06-15 07:00,257.58,289.46
2029-06-15 08:00,259.37,340.22
2029-06-15 09:00,272.54,383.92
2029-06-15 10:00,281.61,418.75
2029-06-15 11:00,287.58,437.5
2029-06-15 12:00,286.76,431.44
2029-06-15 13:00,290.95,427.72
2029-06-15 14:00,297.41,437.41
2029-06-15 15:00,292.03,403.56
2029-06-15 16:00,281.52,366.23
2029-06-15 17:00,269.68,341.63
2029-06-15 18:00,261.15,310.01
2029-06-15 19:00,266.75,293.75
2029-06-15 20:00,272.86,287.89
2029-06-15 21:00,276.92,288.91
2029-06-15 22:00,278.67,281.53
2029-06-15 23:00,278.75,277.64
2029-06-16 00:00,285.34,289.39
2029-06-16 01:00,278.0,281.57
2029-06-16 02:00,273.8,277.91
2029-06-16 03:00,269.69,281.32
2029-06-16 04:00,267.96,280.1
2029-06-16 05:00,263.46,269.76
2029-06-16 06:00,265.5,274.41
2029-06-16 07:00,264.73,308.59
2029-06-16 08:00,262.16,358.12
2029-06-16 09:00,272.6,402.35
2029-06-16 10:00,279.83,423.93
2029-06-16 11:00,286.53,436.73
2029-06-16 12:00,290.24,443.21
2029-06-16 13:00,289.37,440.11
2029-06-16 14:00,293.3,435.1
2029-06-16 15:00,295.62,411.9
2029-06-16 16:00,287.73,379.81
2029-06-16 17:00,273.17,342.8
2029-06-16 18:00,263.07,312.31
2029-06-16 19:00,275.08,293.18
2029-06-16 20:00,279.9,295.11
2029-06-16 21:00,278.19,282.63
2029-06-16 22:00,283.68,283.61
2029-06-16 23:00,282.3,277.78
2029-06-17 00:00,277.8,285.03
2029-06-17 01:00,275.32,282.76
2029-06-17 02:00,270.1,270.78
2029-06-17 03:00,266.26,266.68
2029-06-17 04:00,262.61,262.76
2029-06-17 05:00,259.89,262.8
2029-06-17 06:00,259.42,265.54
2029-06-17 07:00,262.68,303.89
2029-06-17 08:00,267.14,353.01
2029-06-17 09:00,276.92,395.82
2029-06-17 10:00,288.32,432.94
2029-06-17 11:00,293.63,451.29
2029-06-17 12:00,296.74,454.83
2029-06-17 13:00,295.79,447.27
2029-06-17 14:00,301.73,438.07
2029-06-17 15:00,303.32,417.48
2029-06-17 16:00,300.25,385.98
2029-06-17 17:00,286.59,342.52
2029-06-17 18:00,279.07,308.45
2029-06-17 19:00,289.81,297.9
2029-06-17 20:00,291.31,301.92
2029-06-17 21:00,290.97,296.03
2029-06-17 22:00,293.5,301.04
2029-06-17 23:00,287.78,295.5
2029-06-18 00:00,285.42,291.69
2029-06-18 01:00,278.77,288.85
2029-06-18 02:00,272.0,286.13
2029-06-18 03:00,263.51,268.18
2029-06-18 04:00,261.3,265.39
2029-06-18 05:00,260.75,261.11
2029-06-18 06:00,265.28,256.97
2029-06-18 07:00,265.5,300.79
2029-06-18 08:00,268.13,350.0
2029-06-18 09:00,279.36,403.42
2029-06-18 10:00,286.93,428.22
2029-06-18 11:00,292.51,443.75
2029-06-18 12:00,292.88,440.26
2029-06-18 13:00,295.39,426.1
2029-06-18 14:00,301.27,420.57
2029-06-18 15:00,301.25,393.71
2029-06-18 16:00,291.77,369.09
2029-06-18 17:00,280.92,323.7
2029-06-18 18:00,273.15,293.52
2029-06-18 19:00,278.45,282.29
2029-06-18 20:00,283.85,276.45
2029-06-18 21:00,289.21,287.35
2029-06-18 22:00,291.0,287.1
2029-06-18 23:00,286.54,284.77
2029-06-19 00:00,274.69,276.81
2029-06-19 01:00,266.44,271.01
2029-06-19 02:00,258.95,266.37
2029-06-19 03:00,257.28,272.28
2029-06-19 04:00,256.31,272.32
2029-06-19 05:00,256.35,266.63
2029-06-19 06:00,257.54,261.78
2029-06-19 07:00,262.39,304.42
2029-06-19 08:00,264.68,353.26
2029-06-19 09:00,271.44,395.3
2029-06-19 10:00,278.77,424.25
2029-06-19 11:00,282.7,434.16
2029-06-19 12:00,284.78,439.6
2029-06-19 13:00,284.64,433.4
2029-06-19 14:00,292.63,429.07
2029-06-19 15:00,293.97,408.52
2029-06-19 16:00,284.7,378.2
2029-06-19 17:00,272.82,345.36
2029-06-19 18:00,266.25,300.81
2029-06-19 19:00,273.66,291.62
2029-06-19 20:00,276.84,289.25
2029-06-19 21:00,276.9,286.37
2029-06-19 22:00,280.69,296.32
2029-06-19 23:00,277.1,287.24
2029-06-20 00:00,280.34,288.67
2029-06-20 01:00,272.73,280.85
2029-06-20 02:00,269.14,272.36
2029-06-20 03:00,264.55,279.64
2029-06-20 04:00,262.76,283.09
2029-06-20 05:00,265.71,275.42
2029-06-20 06:00,266.44,271.8
2029-06-20 07:00,267.46,309.98
2029-06-20 08:00,270.66,351.46
2029-06-20 09:00,281.98,395.2
2029-06-20 10:00,286.77,433.43
2029-06-20 11:00,294.86,443.61
2029-06-20 12:00,297.7,464.66
2029-06-20 13:00,296.62,463.85
2029-06-20 14:00,303.68,455.49
2029-06-20 15:00,301.0,427.62
2029-06-20 16:00,296.03,387.81
2029-06-20 17:00,280.03,344.67
2029-06-20 18:00,273.73,321.27
2029-06-20 19:00,284.4,307.69
2029-06-20 20:00,293.34,304.99
2029-06-20 21:00,295.31,303.66
2029-06-20 22:00,296.12,299.62
2029-06-20 23:00,293.99,298.79
2029-06-21 00:00,285.02,296.95
2029-06-21 01:00,277.44,295.89
2029-06-21 02:00,270.95,282.95
2029-06-21 03:00,266.22,278.11
2029-06-21 04:00,260.99,278.34
2029-06-21 05:00,261.25,267.1
2029-06-21 06:00,263.49,266.55
2029-06-21 07:00,263.41,297.95
2029-06-21 08:00,265.3,331.99
2029-06-21 09:00,276.17,370.91
2029-06-21 10:00,284.12,410.89
2029-06-21 11:00,286.6,432.92
2029-06-21 12:00,286.14,446.85
2029-06-21 13:00,285.39,446.46
2029-06-21 14:00,297.6,447.26
2029-06-21 15:00,299.34,410.71
2029-06-21 16:00,287.97,364.72
2029-06-21 17:00,275.49,319.8
2029-06-21 18:00,265.53,284.21
2029-06-21 19:00,273.94,282.19
2029-06-21 20:00,278.17,277.69
2029-06-21 21:00,279.86,281.62
2029-06-21 22:00,282.63,289.59
2029-06-21 23:00,287.32,294.61
2029-06-22 00:00,284.0,299.79
2029-06-22 01:00,274.63,296.64
2029-06-22 02:00,267.3,292.16
2029-06-22 03:00,260.78,290.01
2029-06-22 04:00,260.22,271.61
2029-06-22 05:00,260.55,281.14
2029-06-22 06:00,266.79,282.66
2029-06-22 07:00,266.99,305.3
2029-06-22 08:00,269.26,347.05
2029-06-22 09:00,279.79,391.87
2029-06-22 10:00,287.21,421.96
2029-06-22 11:00,287.97,432.92
2029-06-22 12:00,289.1,442.75
2029-06-22 13:00,284.77,445.41
2029-06-22 14:00,289.67,433.17
2029-06-22 15:00,293.62,425.09
2029-06-22 16:00,287.4,392.95
2029-06-22 17:00,274.82,355.51
2029-06-22 18:00,269.0,323.54
2029-06-22 19:00,277.13,305.56
2029-06-22 20:00,282.04,304.14
2029-06-22 21:00,285.79,298.3
2029-06-22 22:00,283.83,289.93
2029-06-22 23:00,282.42,285.24
2029-06-23 00:00,286.01,288.48
2029-06-23 01:00,275.8,282.21
2029-06-23 02:00,272.34,281.87
2029-06-23 03:00,268.86,285.8
2029-06-23 04:00,267.61,288.53
2029-06-23 05:00,269.9,282.84
2029-06-23 06:00,270.88,272.25
2029-06-23 07:00,272.29,306.29
2029-06-23 08:00,275.92,362.69
2029-06-23 09:00,280.68,397.59
2029-06-23 10:00,287.86,430.27
2029-06-23 11:00,295.59,448.28
2029-06-23 12:00,299.67,465.69
2029-06-23 13:00,301.06,461.33
2029-06-23 14:00,304.35,453.26
2029-06-23 15:00,301.49,416.71
2029-06-23 16:00,297.68,386.06
2029-06-23 17:00,285.52,350.91
2029-06-23 18:00,278.4,322.03
2029-06-23 19:00,288.55,308.9
2029-06-23 20:00,293.95,312.68
2029-06-23 21:00,297.12,309.52
2029-06-23 22:00,300.73,321.75
2029-06-23 23:00,300.29,315.91
2029-06-24 00:00,279.41,304.49
2029-06-24 01:00,267.31,295.28
2029-06-24 02:00,263.84,294.39
2029-06-24 03:00,260.58,293.26
2029-06-24 04:00,259.57,292.3
2029-06-24 05:00,260.84,291.6
2029-06-24 06:00,262.62,290.03
2029-06-24 07:00,263.03,322.03
2029-06-24 08:00,267.34,367.36
2029-06-24 09:00,282.1,415.67
2029-06-24 10:00,287.71,444.92
2029-06-24 11:00,291.37,461.63
2029-06-24 12:00,297.96,469.86
2029-06-24 13:00,298.25,452.36
2029-06-24 14:00,304.36,449.1
2029-06-24 15:00,302.45,416.7
2029-06-24 16:00,292.93,381.31
2029-06-24 17:00,279.5,339.07
2029-06-24 18:00,270.35,318.31
2029-06-24 19:00,280.08,301.73
2029-06-24 20:00,280.13,295.08
2029-06-24 21:00,284.3,293.35
2029-06-24 22:00,283.56,294.2
2029-06-24 23:00,281.34,284.26
2029-06-25 00:00,284.09,287.42
2029-06-25 01:00,280.69,294.87
2029-06-25 02:00,274.07,290.63
2029-06-25 03:00,267.86,286.16
2029-06-25 04:00,268.0,287.57
2029-06-25 05:00,266.23,283.44
2029-06-25 06:00,270.42,286.57
2029-06-25 07:00,276.35,330.95
2029-06-25 08:00,276.65,371.83
2029-06-25 09:00,281.29,406.14
2029-06-25 10:00,294.04,448.14
2029-06-25 11:00,298.35,460.99
2029-06-25 12:00,299.21,460.88
2029-06-25 13:00,296.96,446.55
2029-06-25 14:00,301.8,444.18
2029-06-25 15:00,296.84,415.91
2029-06-25 16:00,292.09,384.05
2029-06-25 17:00,279.27,342.96
2029-06-25 18:00,273.55,318.31
2029-06-25 19:00,283.87,298.86
2029-06-25 20:00,290.4,312.22
2029-06-25 21:00,293.12,316.84
2029-06-25 22:00,296.41,319.52
2029-06-25 23:00,293.49,317.07
2029-06-26 00:00,292.37,316.62
2029-06-26 01:00,285.77,308.71
2029-06-26 02:00,283.23,308.09
2029-06-26 03:00,275.68,300.09
2029-06-26 04:00,271.31,292.74
2029-06-26 05:00,273.1,299.09
2029-06-26 06:00,279.17,302.27
2029-06-26 07:00,284.55,343.49
2029-06-26 08:00,288.16,387.52
2029-06-26 09:00,295.65,428.4
2029-06-26 10:00,300.98,457.54
2029-06-26 11:00,306.07,475.89
2029-06-26 12:00,309.46,482.52
2029-06-26 13:00,308.62,476.99
2029-06-26 14:00,310.31,464.96
2029-06-26 15:00,306.82,439.3
2029-06-26 16:00,298.12,405.75
2029-06-26 17:00,285.82,367.14
2029-06-26 18:00,281.78,337.47
2029-06-26 19:00,292.71,321.98
2029-06-26 20:00,295.28,308.66
2029-06-26 21:00,296.77,312.5
2029-06-26 22:00,298.69,316.71
2029-06-26 23:00,298.49,307.54
2029-06-27 00:00,279.39,291.54
2029-06-27 01:00,270.74,294.76
2029-06-27 02:00,268.79,294.7
2029-06-27 03:00,264.18,285.22
2029-06-27 04:00,262.52,276.18
2029-06-27 05:00,260.46,273.07
2029-06-27 06:00,263.95,279.08
2029-06-27 07:00,265.6,311.46
2029-06-27 08:00,268.24,352.4
2029-06-27 09:00,276.42,394.86
2029-06-27 10:00,284.83,427.75
2029-06-27 11:00,288.44,440.46
2029-06-27 12:00,288.77,434.69
2029-06-27 13:00,287.65,438.35
2029-06-27 14:00,295.09,438.66
2029-06-27 15:00,294.41,411.95
2029-06-27 16:00,285.82,378.66
2029-06-27 17:00,272.71,343.21
2029-06-27 18:00,267.95,310.14
2029-06-27 19:00,279.01,298.42
2029-06-27 20:00,286.92,299.69
2029-06-27 21:00,285.94,292.15
2029-06-27 22:00,286.3,290.53
2029-06-27 23:00,285.19,300.66
2029-06-28 00:00,289.01,293.67
2029-06-28 01:00,286.3,283.07
2029-06-28 02:00,281.76,277.44
2029-06-28 03:00,274.78,275.71
2029-06-28 04:00,268.8,265.63
2029-06-28 05:00,265.46,255.91
2029-06-28 06:00,269.88,264.16
2029-06-28 07:00,273.86,292.37
2029-06-28 08:00,279.87,347.3
2029-06-28 09:00,289.69,390.9
2029-06-28 10:00,292.27,413.86
2029-06-28 11:00,292.5,424.82
2029-06-28 12:00,291.14,431.88
2029-06-28 13:00,286.58,422.21
2029-06-28 14:00,290.83,418.0
2029-06-28 15:00,295.11,391.58
2029-06-28 16:00,287.28,357.74
2029-06-28 17:00,277.0,317.68
2029-06-28 18:00,273.24,290.6
2029-06-28 19:00,282.38,275.62
2029-06-28 20:00,283.51,267.92
2029-06-28 21:00,284.76,278.85
2029-06-28 22:00,287.95,279.36
2029-06-28 23:00,288.26,282.39
2029-06-29 00:00,277.27,282.31
2029-06-29 01:00,273.52,283.18
2029-06-29 02:00,268.45,281.12
2029-06-29 03:00,262.01,274.87
2029-06-29 04:00,260.6,273.3
2029-06-29 05:00,257.9,264.04
2029-06-29 06:00,259.3,261.46
2029-06-29 07:00,267.67,304.11
2029-06-29 08:00,269.33,351.89
2029-06-29 09:00,276.61,383.34
2029-06-29 10:00,285.07,421.13
2029-06-29 11:00,289.26,437.1
2029-06-29 12:00,286.02,441.08
2029-06-29 13:00,284.83,431.39
2029-06-29 14:00,288.0,420.84
2029-06-29 15:00,291.59,404.58
2029-06-29 16:00,285.89,375.38
2029-06-29 17:00,274.99,338.48
2029-06-29 18:00,270.73,312.26
2029-06-29 19:00,281.39,297.76
2029-06-29 20:00,282.72,295.06
2029-06-29 21:00,283.94,297.74
2029-06-29 22:00,284.27,288.24
2029-06-29 23:00,285.65,298.16
2029-06-30 00:00,273.29,279.75
2029-06-30 01:00,264.22,273.75
2029-06-30 02:00,260.9,267.96
2029-06-30 03:00,253.96,256.03
2029-06-30 04:00,252.94,248.86
2029-06-30 05:00,255.51,247.4
2029-06-30 06:00,258.7,251.53
2029-06-30 07:00,256.43,283.46
2029-06-30 08:00,261.42,330.36
2029-06-30 09:00,270.81,366.21
2029-06-30 10:00,276.11,395.81
2029-06-30 11:00,282.59,424.0
2029-06-30 12:00,283.99,428.9
2029-06-30 13:00,286.05,423.73
2029-06-30 14:00,289.1,417.93
2029-06-30 15:00,287.93,393.47
2029-06-30 16:00,280.03,362.24
2029-06-30 17:00,267.99,320.16
2029-06-30 18:00,266.68,301.01
2029-06-30 19:00,275.59,280.04
2029-06-30 20:00,278.91,278.05
2029-06-30 21:00,280.75,268.4
2029-06-30 22:00,277.1,260.77
2029-06-30 23:00,272.91,256.98
2029-07-01 00:00,262.31,267.18
2029-07-01 01:00,256.21,261.92
2029-07-01 02:00,250.7,268.65
2029-07-01 03:00,246.4,260.94
2029-07-01 04:00,244.4,257.37
2029-07-01 05:00,251.27,262.62
2029-07-01 06:00,255.48,262.31
2029-07-01 07:00,257.36,293.31
2029-07-01 08:00,259.69,339.61
2029-07-01 09:00,267.91,372.07
2029-07-01 10:00,275.21,405.57
2029-07-01 11:00,276.92,417.7
2029-07-01 12:00,278.53,428.99
2029-07-01 13:00,279.24,440.43
2029-07-01 14:00,277.04,427.43
2029-07-01 15:00,279.88,411.6
2029-07-01 16:00,272.68,379.09
2029-07-01 17:00,264.24,335.56
2029-07-01 18:00,260.18,310.28
2029-07-01 19:00,269.17,301.45
2029-07-01 20:00,276.93,300.8
2029-07-01 21:00,283.37,303.48
2029-07-01 22:00,281.51,296.58
2029-07-01 23:00,277.64,288.25
2029-07-02 00:00,274.0,285.53
2029-07-02 01:00,267.38,285.55
2029-07-02 02:00,257.93,282.2
2029-07-02 03:00,257.33,288.39
2029-07-02 04:00,258.55,286.87
2029-07-02 05:00,257.53,281.61
2029-07-02 06:00,262.38,269.23
2029-07-02 07:00,264.42,303.11
2029-07-02 08:00,266.98,346.93
2029-07-02 09:00,277.12,394.08
2029-07-02 10:00,284.95,427.65
2029-07-02 11:00,282.21,445.46
2029-07-02 12:00,281.14,454.0
2029-07-02 13:00,278.14,442.27
2029-07-02 14:00,280.82,428.68
2029-07-02 15:00,278.18,405.42
2029-07-02 16:00,274.89,371.12
2029-07-02 17:00,266.76,349.03
2029-07-02 18:00,259.26,306.44
2029-07-02 19:00,268.1,293.06
2029-07-02 20:00,270.37,283.24
2029-07-02 21:00,273.86,285.42
2029-07-02 22:00,274.08,283.72
2029-07-02 23:00,271.8,272.08
2029-07-03 00:00,267.31,274.33
2029-07-03 01:00,260.34,271.98
2029-07-03 02:00,253.91,268.15
2029-07-03 03:00,250.26,266.88
2029-07-03 04:00,250.3,266.62
2029-07-03 05:00,251.65,263.55
2029-07-03 06:00,253.73,259.18
2029-07-03 07:00,254.55,296.72
2029-07-03 08:00,259.08,336.3
2029-07-03 09:00,268.54,379.5
2029-07-03 10:00,273.27,398.77
2029-07-03 11:00,275.75,428.67
2029-07-03 12:00,273.17,426.49
2029-07-03 13:00,269.88,424.18
2029-07-03 14:00,276.55,413.9
2029-07-03 15:00,277.9,386.59
2029-07-03 16:00,270.19,362.88
2029-07-03 17:00,260.12,323.97
2029-07-03 18:00,256.42,292.85
2029-07-03 19:00,266.34,276.2
2029-07-03 20:00,274.03,276.55
2029-07-03 21:00,273.92,280.14
2029-07-03 22:00,277.75,279.18
2029-07-03 23:00,274.48,270.07
2029-07-04 00:00,265.4,269.05
2029-07-04 01:00,260.83,267.02
2029-07-04 02:00,256.89,272.64
2029-07-04 03:00,253.25,273.01
2029-07-04 04:00,253.84,275.36
2029-07-04 05:00,253.12,261.37
2029-07-04 06:00,257.78,266.77
2029-07-04 07:00,261.87,306.81
2029-07-04 08:00,263.13,343.06
2029-07-04 09:00,273.85,383.61
2029-07-04 10:00,277.2,407.93
2029-07-04 11:00,280.29,429.04
2029-07-04 12:00,281.38,432.49
2029-07-04 13:00,278.93,427.78
2029-07-04 14:00,280.47,410.12
2029-07-04 15:00,284.0,389.19
2029-07-04 16:00,279.37,355.11
2029-07-04 17:00,271.69,330.17
2029-07-04 18:00,264.79,302.91
2029-07-04 19:00,272.73,284.14
2029-07-04 20:00,279.41,290.82
2029-07-04 21:00,278.13,287.45
2029-07-04 22:00,280.11,288.97
2029-07-04 23:00,276.94,286.58
2029-07-05 00:00,265.92,261.98
2029-07-05 01:00,260.85,257.68
2029-07-05 02:00,256.12,261.19
2029-07-05 03:00,250.56,261.11
2029-07-05 04:00,254.13,268.27
2029-07-05 05:00,254.15,258.64
2029-07-05 06:00,255.48,250.97
2029-07-05 07:00,260.95,285.86
2029-07-05 08:00,264.28,330.47
2029-07-05 09:00,270.69,370.57
2029-07-05 10:00,275.91,401.44
2029-07-05 11:00,280.67,424.51
2029-07-05 12:00,284.72,435.48
2029-07-05 13:00,282.05,423.51
2029-07-05 14:00,286.52,418.84
2029-07-05 15:00,283.99,391.31
2029-07-05 16:00,279.96,373.48
2029-07-05 17:00,276.53,339.86
2029-07-05 18:00,272.01,304.87
2029-07-05 19:00,279.49,287.15
2029-07-05 20:00,281.93,285.9
2029-07-05 21:00,284.19,283.8
2029-07-05 22:00,283.75,283.86
2029-07-05 23:00,278.2,279.62
2029-07-06 00:00,270.12,267.26
2029-07-06 01:00,259.61,262.53
2029-07-06 02:00,251.42,257.98
2029-07-06 03:00,250.29,266.7
2029-07-06 04:00,252.06,265.58
2029-07-06 05:00,251.78,268.76
2029-07-06 06:00,255.32,248.5
2029-07-06 07:00,257.58,286.46
2029-07-06 08:00,268.06,341.06
2029-07-06 09:00,276.05,386.38
2029-07-06 10:00,277.23,406.69
2029-07-06 11:00,279.09,421.34
2029-07-06 12:00,276.65,426.77
2029-07-06 13:00,275.24,420.66
2029-07-06 14:00,277.99,414.42
2029-07-06 15:00,278.85,394.31
2029-07-06 16:00,274.51,361.65
2029-07-06 17:00,266.73,322.87
2029-07-06 18:00,264.47,291.05
2029-07-06 19:00,269.6,278.37
2029-07-06 20:00,273.17,277.75
2029-07-06 21:00,270.79,280.0
2029-07-06 22:00,272.63,277.74
2029-07-06 23:00,270.28,277.67
2029-07-07 00:00,270.13,267.31
2029-07-07 01:00,262.95,265.27
2029-07-07 02:00,260.05,256.96
2029-07-07 03:00,255.19,259.66
2029-07-07 04:00,250.81,260.21
2029-07-07 05:00,250.36,259.25
2029-07-07 06:00,256.62,268.41
2029-07-07 07:00,258.76,300.49
2029-07-07 08:00,258.55,335.34
2029-07-07 09:00,264.69,365.33
2029-07-07 10:00,271.15,395.03
2029-07-07 11:00,274.1,417.23
2029-07-07 12:00,275.41,426.29
2029-07-07 13:00,273.66,426.67
2029-07-07 14:00,276.08,404.4
2029-07-07 15:00,278.62,380.68
2029-07-07 16:00,270.99,358.98
2029-07-07 17:00,262.0,315.43
2029-07-07 18:00,254.63,275.4
2029-07-07 19:00,268.65,258.1
2029-07-07 20:00,272.73,253.99
2029-07-07 21:00,272.39,253.24
2029-07-07 22:00,271.49,251.18
2029-07-07 23:00,270.69,263.48
2029-07-08 00:00,260.97,260.67
2029-07-08 01:00,256.1,255.92
2029-07-08 02:00,248.3,251.49
2029-07-08 03:00,247.97,262.77
2029-07-08 04:00,241.42,252.1
2029-07-08 05:00,242.95,257.23
2029-07-08 06:00,245.93,261.29
2029-07-08 07:00,249.71,289.0
2029-07-08 08:00,252.63,335.14
2029-07-08 09:00,262.5,382.76
2029-07-08 10:00,269.68,408.24
2029-07-08 11:00,273.99,423.42
2029-07-08 12:00,272.51,431.69
2029-07-08 13:00,273.2,424.77
2029-07-08 14:00,277.05,417.06
2029-07-08 15:00,277.35,400.39
2029-07-08 16:00,268.24,368.18
2029-07-08 17:00,259.48,328.0
2029-07-08 18:00,260.54,304.86
2029-07-08 19:00,267.94,287.54
2029-07-08 20:00,270.27,281.2
2029-07-08 21:00,268.43,277.94
2029-07-08 22:00,270.69,275.9
2029-07-08 23:00,270.7,266.69
2029-07-09 00:00,267.16,259.82
2029-07-09 01:00,260.47,257.33
2029-07-09 02:00,251.91,247.47
2029-07-09 03:00,244.8,243.36
2029-07-09 04:00,242.13,244.82
2029-07-09 05:00,241.32,244.42
2029-07-09 06:00,249.87,254.34
2029-07-09 07:00,256.4,286.58
2029-07-09 08:00,258.23,317.5
2029-07-09 09:00,266.87,359.18
2029-07-09 10:00,272.24,394.08
2029-07-09 11:00,275.9,401.16
2029-07-09 12:00,270.95,397.55
2029-07-09 13:00,271.34,390.63
2029-07-09 14:00,271.84,385.39
2029-07-09 15:00,274.0,365.32
2029-07-09 16:00,266.81,329.37
2029-07-09 17:00,260.84,293.06
2029-07-09 18:00,258.07,268.47
2029-07-09 19:00,265.38,247.1
2029-07-09 20:00,266.63,256.69
2029-07-09 21:00,270.71,266.12
2029-07-09 22:00,270.56,273.74
2029-07-09 23:00,269.13,256.88
2029-07-10 00:00,267.21,279.87
2029-07-10 01:00,260.89,274.43
2029-07-10 02:00,254.19,269.99
2029-07-10 03:00,250.06,257.81
2029-07-10 04:00,247.72,263.91
2029-07-10 05:00,249.77,262.64
2029-07-10 06:00,253.66,264.81
2029-07-10 07:00,256.49,298.62
2029-07-10 08:00,258.9,325.92
2029-07-10 09:00,269.17,368.83
2029-07-10 10:00,272.19,394.12
2029-07-10 11:00,272.54,406.53
2029-07-10 12:00,275.03,409.52
2029-07-10 13:00,271.09,397.87
2029-07-10 14:00,273.77,401.49
2029-07-10 15:00,274.59,375.91
2029-07-10 16:00,266.74,341.57
2029-07-10 17:00,258.69,301.52
2029-07-10 18:00,253.33,267.28
2029-07-10 19:00,266.25,251.26
2029-07-10 20:00,265.23,247.9
2029-07-10 21:00,265.6,246.8
2029-07-10 22:00,266.81,255.1
2029-07-10 23:00,265.02,264.04
2029-07-11 00:00,263.92,265.09
2029-07-11 01:00,256.43,254.68
2029-07-11 02:00,252.78,256.11
2029-07-11 03:00,245.5,260.16
2029-07-11 04:00,242.65,260.41
2029-07-11 05:00,244.69,253.56
2029-07-11 06:00,248.0,259.14
2029-07-11 07:00,253.4,283.48
2029-07-11 08:00,257.92,326.0
2029-07-11 09:00,265.36,376.7
2029-07-11 10:00,272.61,413.75
2029-07-11 11:00,273.79,439.55
2029-07-11 12:00,275.48,441.73
2029-07-11 13:00,274.54,418.8
2029-07-11 14:00,281.92,417.85
2029-07-11 15:00,279.96,389.44
2029-07-11 16:00,272.11,355.27
2029-07-11 17:00,264.38,328.81
2029-07-11 18:00,264.98,298.96
2029-07-11 19:00,275.38,290.51
2029-07-11 20:00,277.8,283.31
2029-07-11 21:00,276.96,275.94
2029-07-11 22:00,274.71,261.49
2029-07-11 23:00,271.6,256.47
2029-07-12 00:00,265.94,251.15
2029-07-12 01:00,256.89,247.54
2029-07-12 02:00,253.35,242.77
2029-07-12 03:00,253.09,245.67
2029-07-12 04:00,251.5,252.54
2029-07-12 05:00,254.14,255.38
2029-07-12 06:00,258.78,249.91
2029-07-12 07:00,265.26,285.46
2029-07-12 08:00,266.25,329.67
2029-07-12 09:00,273.88,366.71
2029-07-12 10:00,279.16,395.6
2029-07-12 11:00,280.84,410.91
2029-07-12 12:00,279.22,419.56
2029-07-12 13:00,274.1,399.21
2029-07-12 14:00,275.57,381.97
2029-07-12 15:00,278.49,368.39
2029-07-12 16:00,277.37,345.78
2029-07-12 17:00,267.95,319.55
2029-07-12 18:00,263.72,282.88
2029-07-12 19:00,276.07,271.77
2029-07-12 20:00,281.46,276.8
2029-07-12 21:00,286.38,278.67
2029-07-12 22:00,285.75,279.52
2029-07-12 23:00,276.75,271.34
2029-07-13 00:00,279.23,302.83
2029-07-13 01:00,277.25,298.27
2029-07-13 02:00,271.85,293.85
2029-07-13 03:00,264.66,290.3
2029-07-13 04:00,263.92,289.54
2029-07-13 05:00,263.28,284.79
2029-07-13 06:00,267.22,277.43
2029-07-13 07:00,270.75,299.29
2029-07-13 08:00,270.4,331.23
2029-07-13 09:00,279.01,371.61
2029-07-13 10:00,282.11,406.49
2029-07-13 11:00,284.41,429.06
2029-07-13 12:00,282.44,442.07
2029-07-13 13:00,279.79,432.19
2029-07-13 14:00,281.81,432.62
2029-07-13 15:00,282.3,408.82
2029-07-13 16:00,273.51,374.89
2029-07-13 17:00,267.19,346.99
2029-07-13 18:00,265.91,312.93
2029-07-13 19:00,278.32,301.56
2029-07-13 20:00,288.63,309.68
2029-07-13 21:00,288.97,306.5
2029-07-13 22:00,288.51,305.24
2029-07-13 23:00,286.74,297.07
2029-07-14 00:00,275.47,294.97
2029-07-14 01:00,274.11,308.31
2029-07-14 02:00,269.1,299.92
2029-07-14 03:00,262.8,302.43
2029-07-14 04:00,262.25,290.8
2029-07-14 05:00,263.39,281.89
2029-07-14 06:00,269.22,287.21
2029-07-14 07:00,276.16,321.72
2029-07-14 08:00,281.0,356.23
2029-07-14 09:00,286.93,390.87
2029-07-14 10:00,291.22,420.97
2029-07-14 11:00,290.4,435.0
2029-07-14 12:00,292.43,446.63
2029-07-14 13:00,290.92,438.5
2029-07-14 14:00,291.64,433.7
2029-07-14 15:00,288.8,409.88
2029-07-14 16:00,282.22,382.56
2029-07-14 17:00,276.46,341.62
2029-07-14 18:00,278.88,320.01
2029-07-14 19:00,291.75,302.77
2029-07-14 20:00,293.81,297.81
2029-07-14 21:00,288.54,289.9
2029-07-14 22:00,287.8,291.98
2029-07-14 23:00,284.8,299.49
2029-07-15 00:00,291.29,301.3
2029-07-15 01:00,285.38,288.49
2029-07-15 02:00,280.3,286.71
2029-07-15 03:00,276.71,287.85
2029-07-15 04:00,275.27,288.45
2029-07-15 05:00,275.65,283.63
2029-07-15 06:00,280.8,284.69
2029-07-15 07:00,285.17,312.46
2029-07-15 08:00,288.14,349.06
2029-07-15 09:00,295.72,391.66
2029-07-15 10:00,300.22,418.63
2029-07-15 11:00,301.55,436.67
2029-07-15 12:00,300.67,439.19
2029-07-15 13:00,297.33,439.89
2029-07-15 14:00,299.57,428.64
2029-07-15 15:00,299.54,413.08
2029-07-15 16:00,294.9,373.48
2029-07-15 17:00,289.03,337.93
2029-07-15 18:00,287.85,309.98
2029-07-15 19:00,298.21,300.45
2029-07-15 20:00,300.85,293.7
2029-07-15 21:00,300.38,295.49
2029-07-15 22:00,299.0,288.01
2029-07-15 23:00,290.73,279.62
2029-07-16 00:00,280.36,282.09
2029-07-16 01:00,272.48,274.91
2029-07-16 02:00,264.49,279.99
2029-07-16 03:00,262.46,281.07
2029-07-16 04:00,265.5,286.5
2029-07-16 05:00,261.8,282.59
2029-07-16 06:00,268.95,288.63
2029-07-16 07:00,269.26,311.34
2029-07-16 08:00,278.49,353.4
2029-07-16 09:00,283.15,390.37
2029-07-16 10:00,289.42,430.27
2029-07-16 11:00,290.45,446.66
2029-07-16 12:00,292.38,455.35
2029-07-16 13:00,291.3,443.4
2029-07-16 14:00,294.99,435.27
2029-07-16 15:00,292.27,420.01
2029-07-16 16:00,290.43,391.19
2029-07-16 17:00,284.24,348.48
2029-07-16 18:00,282.86,324.65
2029-07-16 19:00,293.04,311.77
2029-07-16 20:00,296.88,304.55
2029-07-16 21:00,296.47,303.8
2029-07-16 22:00,298.35,300.05
2029-07-16 23:00,295.12,299.53
2029-07-17 00:00,284.03,288.87
2029-07-17 01:00,276.75,294.38
2029-07-17 02:00,270.71,293.43
2029-07-17 03:00,263.18,285.87
2029-07-17 04:00,261.13,279.34
2029-07-17 05:00,261.8,279.88
2029-07-17 06:00,264.86,292.18
2029-07-17 07:00,272.29,324.83
2029-07-17 08:00,275.95,363.77
2029-07-17 09:00,288.42,405.51
2029-07-17 10:00,294.26,435.63
2029-07-17 11:00,291.41,453.82
2029-07-17 12:00,291.94,453.33
2029-07-17 13:00,287.85,440.41
2029-07-17 14:00,293.69,430.61
2029-07-17 15:00,295.6,411.0
2029-07-17 16:00,293.65,386.83
2029-07-17 17:00,286.58,346.96
2029-07-17 18:00,284.09,312.39
2029-07-17 19:00,295.8,306.53
2029-07-17 20:00,296.59,294.55
2029-07-17 21:00,297.08,302.73
2029-07-17 22:00,295.94,299.14
2029-07-17 23:00,290.02,300.49
2029-07-18 00:00,283.62,282.19
2029-07-18 01:00,279.02,277.21
2029-07-18 02:00,274.45,283.42
2029-07-18 03:00,271.1,280.69
2029-07-18 04:00,271.07,281.04
2029-07-18 05:00,270.34,283.19
2029-07-18 06:00,277.25,281.03
2029-07-18 07:00,279.29,299.97
2029-07-18 08:00,282.89,333.78
2029-07-18 09:00,285.32,372.02
2029-07-18 10:00,288.03,407.49
2029-07-18 11:00,288.95,413.25
2029-07-18 12:00,289.89,413.34
2029-07-18 13:00,288.36,415.79
2029-07-18 14:00,289.93,404.08
2029-07-18 15:00,291.94,388.24
2029-07-18 16:00,288.53,355.26
2029-07-18 17:00,280.84,320.92
2029-07-18 18:00,279.15,291.58
2029-07-18 19:00,289.58,277.56
2029-07-18 20:00,289.82,282.0
2029-07-18 21:00,289.46,277.21
2029-07-18 22:00,290.29,274.87
2029-07-18 23:00,288.24,272.47
2029-07-19 00:00,276.77,284.02
2029-07-19 01:00,267.71,282.45
2029-07-19 02:00,260.3,271.27
2029-07-19 03:00,260.15,270.27
2029-07-19 04:00,262.45,272.9
2029-07-19 05:00,262.7,279.72
2029-07-19 06:00,263.59,278.23
2029-07-19 07:00,268.8,305.13
2029-07-19 08:00,270.69,327.49
2029-07-19 09:00,278.8,359.62
2029-07-19 10:00,287.33,396.17
2029-07-19 11:00,288.78,423.44
2029-07-19 12:00,287.29,428.71
2029-07-19 13:00,280.21,424.64
2029-07-19 14:00,279.61,424.54
2029-07-19 15:00,283.31,403.79
2029-07-19 16:00,282.0,364.98
2029-07-19 17:00,278.19,338.71
2029-07-19 18:00,279.56,310.79
2029-07-19 19:00,285.58,305.1
2029-07-19 20:00,286.13,298.11
2029-07-19 21:00,285.15,294.47
2029-07-19 22:00,288.53,298.2
2029-07-19 23:00,285.99,301.92
2029-07-20 00:00,276.28,292.99
2029-07-20 01:00,271.53,283.77
2029-07-20 02:00,270.65,273.87
2029-07-20 03:00,262.78,273.08
2029-07-20 04:00,259.81,267.79
2029-07-20 05:00,264.28,273.05
2029-07-20 06:00,266.84,270.07
2029-07-20 07:00,271.21,303.06
2029-07-20 08:00,274.8,344.57
2029-07-20 09:00,279.63,375.59
2029-07-20 10:00,282.37,404.38
2029-07-20 11:00,283.12,419.73
2029-07-20 12:00,281.88,426.75
2029-07-20 13:00,277.76,414.19
2029-07-20 14:00,282.04,414.48
2029-07-20 15:00,284.48,399.51
2029-07-20 16:00,279.35,372.92
2029-07-20 17:00,272.86,334.77
2029-07-20 18:00,272.24,303.26
2029-07-20 19:00,281.87,291.73
2029-07-20 20:00,283.4,287.83
2029-07-20 21:00,286.3,286.8
2029-07-20 22:00,287.74,292.33
2029-07-20 23:00,283.6,297.98
2029-07-21 00:00,261.98,273.64
2029-07-21 01:00,258.65,281.29
2029-07-21 02:00,250.45,275.46
2029-07-21 03:00,245.11,278.69
2029-07-21 04:00,244.28,277.75
2029-07-21 05:00,244.28,275.35
2029-07-21 06:00,249.37,272.04
2029-07-21 07:00,256.86,297.7
2029-07-21 08:00,260.43,333.66
2029-07-21 09:00,261.64,366.74
2029-07-21 10:00,265.01,403.9
2029-07-21 11:00,268.18,425.98
2029-07-21 12:00,266.85,431.29
2029-07-21 13:00,263.13,412.78
2029-07-21 14:00,264.27,400.81
2029-07-21 15:00,265.48,381.68
2029-07-21 16:00,264.76,350.3
2029-07-21 17:00,259.66,324.28
2029-07-21 18:00,258.41,287.89
2029-07-21 19:00,262.3,262.56
2029-07-21 20:00,266.27,263.51
2029-07-21 21:00,264.14,262.85
2029-07-21 22:00,262.37,259.61
2029-07-21 23:00,261.4,268.44
2029-07-22 00:00,266.12,271.78
2029-07-22 01:00,259.36,274.63
2029-07-22 02:00,254.36,272.04
2029-07-22 03:00,255.64,272.17
2029-07-22 04:00,246.38,266.1
2029-07-22 05:00,246.07,265.82
2029-07-22 06:00,252.27,268.5
2029-07-22 07:00,254.18,293.96
2029-07-22 08:00,260.03,329.32
2029-07-22 09:00,270.04,364.9
2029-07-22 10:00,277.03,397.96
2029-07-22 11:00,279.12,408.14
2029-07-22 12:00,278.41,419.63
2029-07-22 13:00,274.37,411.86
2029-07-22 14:00,276.13,392.51
2029-07-22 15:00,280.65,371.1
2029-07-22 16:00,279.64,344.9
2029-07-22 17:00,273.06,318.55
2029-07-22 18:00,272.94,295.87
2029-07-22 19:00,282.24,285.4
2029-07-22 20:00,285.26,279.56
2029-07-22 21:00,286.1,282.99
2029-07-22 22:00,286.63,278.17
2029-07-22 23:00,282.73,275.45
2029-07-23 00:00,271.93,255.06
2029-07-23 01:00,265.78,252.86
2029-07-23 02:00,259.36,253.27
2029-07-23 03:00,255.67,247.6
2029-07-23 04:00,257.74,257.26
2029-07-23 05:00,254.61,254.47
2029-07-23 06:00,258.5,252.47
2029-07-23 07:00,262.33,271.6
2029-07-23 08:00,266.12,317.58
2029-07-23 09:00,274.74,363.13
2029-07-23 10:00,278.41,391.96
2029-07-23 11:00,278.6,404.35
2029-07-23 12:00,275.31,415.16
2029-07-23 13:00,266.91,401.19
2029-07-23 14:00,266.67,392.11
2029-07-23 15:00,265.14,364.01
2029-07-23 16:00,260.83,331.48
2029-07-23 17:00,258.75,295.3
2029-07-23 18:00,260.28,279.55
2029-07-23 19:00,267.92,264.28
2029-07-23 20:00,272.43,270.92
2029-07-23 21:00,273.6,268.99
2029-07-23 22:00,275.29,267.99
2029-07-23 23:00,274.87,258.77
2029-07-24 00:00,261.59,255.93
2029-07-24 01:00,252.11,253.5
2029-07-24 02:00,248.49,262.24
2029-07-24 03:00,246.46,258.47
2029-07-24 04:00,241.52,256.93
2029-07-24 05:00,241.03,257.16
2029-07-24 06:00,248.51,257.26
2029-07-24 07:00,252.59,287.03
2029-07-24 08:00,253.71,318.79
2029-07-24 09:00,261.87,356.95
2029-07-24 10:00,263.43,380.08
2029-07-24 11:00,262.12,393.58
2029-07-24 12:00,262.91,398.78
2029-07-24 13:00,259.74,387.69
2029-07-24 14:00,264.59,387.55
2029-07-24 15:00,263.55,366.36
2029-07-24 16:00,255.79,334.18
2029-07-24 17:00,249.51,303.61
2029-07-24 18:00,250.09,279.05
2029-07-24 19:00,259.77,267.39
2029-07-24 20:00,261.63,254.25
2029-07-24 21:00,261.37,252.26
2029-07-24 22:00,260.49,248.78
2029-07-24 23:00,256.98,251.32
2029-07-25 00:00,256.18,251.29
2029-07-25 01:00,248.29,253.48
2029-07-25 02:00,243.22,248.99
2029-07-25 03:00,240.45,243.75
2029-07-25 04:00,241.24,247.22
2029-07-25 05:00,243.65,256.03
2029-07-25 06:00,247.74,250.65
2029-07-25 07:00,253.41,281.02
2029-07-25 08:00,253.46,323.68
2029-07-25 09:00,265.11,360.5
2029-07-25 10:00,268.94,393.66
2029-07-25 11:00,268.37,399.73
2029-07-25 12:00,269.57,412.39
2029-07-25 13:00,267.03,405.49
2029-07-25 14:00,267.96,391.34
2029-07-25 15:00,268.3,372.63
2029-07-25 16:00,263.95,342.54
2029-07-25 17:00,260.72,307.82
2029-07-25 18:00,264.29,274.74
2029-07-25 19:00,275.69,271.54
2029-07-25 20:00,274.23,259.94
2029-07-25 21:00,274.05,254.23
2029-07-25 22:00,267.21,256.63
2029-07-25 23:00,264.09,252.3
2029-07-26 00:00,261.25,255.42
2029-07-26 01:00,259.77,260.72
2029-07-26 02:00,259.48,267.26
2029-07-26 03:00,252.46,258.97
2029-07-26 04:00,251.65,258.86
2029-07-26 05:00,255.24,265.01
2029-07-26 06:00,263.28,269.25
2029-07-26 07:00,266.32,291.86
2029-07-26 08:00,266.55,322.36
2029-07-26 09:00,270.64,361.11
2029-07-26 10:00,272.33,394.63
2029-07-26 11:00,276.82,414.61
2029-07-26 12:00,277.03,424.7
2029-07-26 13:00,271.07,414.91
2029-07-26 14:00,271.62,413.3
2029-07-26 15:00,274.82,384.76
2029-07-26 16:00,272.08,365.99
2029-07-26 17:00,263.69,327.32
2029-07-26 18:00,263.16,295.35
2029-07-26 19:00,271.83,283.14
2029-07-26 20:00,274.05,276.22
2029-07-26 21:00,275.51,272.05
2029-07-26 22:00,275.35,275.4
2029-07-26 23:00,269.35,269.94
2029-07-27 00:00,265.73,273.79
2029-07-27 01:00,260.96,264.87
2029-07-27 02:00,253.24,263.4
2029-07-27 03:00,253.55,270.75
2029-07-27 04:00,248.43,260.55
2029-07-27 05:00,246.25,255.12
2029-07-27 06:00,252.74,255.75
2029-07-27 07:00,259.19,287.51
2029-07-27 08:00,265.8,326.47
2029-07-27 09:00,271.08,367.96
2029-07-27 10:00,274.06,400.94
2029-07-27 11:00,274.25,407.63
2029-07-27 12:00,275.25,415.69
2029-07-27 13:00,271.41,402.43
2029-07-27 14:00,268.09,393.88
2029-07-27 15:00,268.54,369.46
2029-07-27 16:00,266.04,347.39
2029-07-27 17:00,258.0,313.0
2029-07-27 18:00,260.08,283.93
2029-07-27 19:00,273.48,271.37
2029-07-27 20:00,274.93,275.46
2029-07-27 21:00,274.79,269.08
2029-07-27 22:00,272.74,272.38
2029-07-27 23:00,270.41,267.37
2029-07-28 00:00,277.84,281.34
2029-07-28 01:00,267.26,271.06
2029-07-28 02:00,263.94,266.86
2029-07-28 03:00,256.79,269.33
2029-07-28 04:00,253.76,273.48
2029-07-28 05:00,252.99,268.56
2029-07-28 06:00,257.48,267.51
2029-07-28 07:00,262.03,301.16
2029-07-28 08:00,268.93,345.41
2029-07-28 09:00,277.72,389.75
2029-07-28 10:00,284.15,416.99
2029-07-28 11:00,284.45,431.15
2029-07-28 12:00,282.56,423.39
2029-07-28 13:00,276.83,409.97
2029-07-28 14:00,276.77,400.45
2029-07-28 15:00,276.4,385.58
2029-07-28 16:00,272.03,362.41
2029-07-28 17:00,262.48,323.63
2029-07-28 18:00,265.33,295.43
2029-07-28 19:00,277.29,287.6
2029-07-28 20:00,278.64,288.27
2029-07-28 21:00,276.27,287.94
2029-07-28 22:00,277.63,295.02
2029-07-28 23:00,272.8,291.58
2029-07-29 00:00,274.01,296.17
2029-07-29 01:00,268.59,292.96
2029-07-29 02:00,263.8,288.41
2029-07-29 03:00,260.95,292.97
2029-07-29 04:00,257.58,287.92
2029-07-29 05:00,257.88,272.47
2029-07-29 06:00,266.06,267.18
2029-07-29 07:00,267.25,293.74
2029-07-29 08:00,269.81,331.41
2029-07-29 09:00,277.33,375.28
2029-07-29 10:00,281.69,403.55
2029-07-29 11:00,288.38,420.91
2029-07-29 12:00,289.56,430.35
2029-07-29 13:00,288.65,420.0
2029-07-29 14:00,288.11,412.99
2029-07-29 15:00,288.79,391.83
2029-07-29 16:00,284.36,366.02
2029-07-29 17:00,277.64,338.16
2029-07-29 18:00,276.88,310.9
2029-07-29 19:00,288.97,293.27
2029-07-29 20:00,286.42,286.41
2029-07-29 21:00,287.67,287.72
2029-07-29 22:00,281.42,282.27
2029-07-29 23:00,277.6,285.5
2029-07-30 00:00,267.92,282.34
2029-07-30 01:00,263.45,289.14
2029-07-30 02:00,255.17,298.35
2029-07-30 03:00,250.88,296.03
2029-07-30 04:00,247.02,292.67
2029-07-30 05:00,249.09,287.02
2029-07-30 06:00,258.41,282.74
2029-07-30 07:00,262.13,305.71
2029-07-30 08:00,264.1,343.28
2029-07-30 09:00,272.94,382.52
2029-07-30 10:00,271.97,409.51
2029-07-30 11:00,275.89,422.61
2029-07-30 12:00,272.48,433.56
2029-07-30 13:00,271.62,437.53
2029-07-30 14:00,272.76,419.95
2029-07-30 15:00,274.15,399.51
2029-07-30 16:00,270.35,364.64
2029-07-30 17:00,268.91,332.41
2029-07-30 18:00,269.29,305.15
2029-07-30 19:00,277.71,295.19
2029-07-30 20:00,281.89,293.09
2029-07-30 21:00,280.32,288.99
2029-07-30 22:00,282.52,293.98
2029-07-30 23:00,281.82,297.73
2029-07-31 00:00,284.95,295.71
2029-07-31 01:00,279.48,295.79
2029-07-31 02:00,271.44,289.42
2029-07-31 03:00,270.47,291.67
2029-07-31 04:00,268.92,287.06
2029-07-31 05:00,268.74,285.51
2029-07-31 06:00,273.87,292.55
2029-07-31 07:00,276.49,309.23
2029-07-31 08:00,280.17,346.14
2029-07-31 09:00,288.82,380.58
2029-07-31 10:00,290.44,408.97
2029-07-31 11:00,296.88,424.23
2029-07-31 12:00,293.83,434.09
2029-07-31 13:00,289.45,429.73
2029-07-31 14:00,290.3,417.34
2029-07-31 15:00,289.99,403.78
2029-07-31 16:00,281.67,378.61
2029-07-31 17:00,279.55,354.39
2029-07-31 18:00,277.36,317.87
2029-07-31 19:00,287.24,306.64
2029-07-31 20:00,290.9,308.44
2029-07-31 21:00,288.95,308.54
2029-07-31 22:00,287.81,307.83
2029-07-31 23:00,284.25,298.38
2029-08-01 00:00,266.63,286.36
2029-08-01 01:00,262.88,283.59
2029-08-01 02:00,258.48,282.29
2029-08-01 03:00,255.7,286.04
2029-08-01 04:00,250.71,277.95
2029-08-01 05:00,253.43,277.24
2029-08-01 06:00,257.02,277.17
2029-08-01 07:00,263.4,300.34
2029-08-01 08:00,267.37,342.93
2029-08-01 09:00,276.12,381.87
2029-08-01 10:00,278.95,407.07
2029-08-01 11:00,278.12,419.09
2029-08-01 12:00,273.47,415.15
2029-08-01 13:00,274.07,417.69
2029-08-01 14:00,272.88,407.67
2029-08-01 15:00,272.78,391.38
2029-08-01 16:00,271.18,376.94
2029-08-01 17:00,266.28,337.28
2029-08-01 18:00,266.49,310.42
2029-08-01 19:00,276.56,291.73
2029-08-01 20:00,279.29,297.92
2029-08-01 21:00,278.37,293.67
2029-08-01 22:00,278.58,300.39
2029-08-01 23:00,272.78,293.32
2029-08-02 00:00,265.06,288.18
2029-08-02 01:00,259.58,289.29
2029-08-02 02:00,256.51,292.81
2029-08-02 03:00,251.51,292.36
2029-08-02 04:00,248.75,290.61
2029-08-02 05:00,250.03,292.75
2029-08-02 06:00,254.7,286.45
2029-08-02 07:00,262.88,310.25
2029-08-02 08:00,266.94,354.48
2029-08-02 09:00,274.62,396.68
2029-08-02 10:00,279.79,432.12
2029-08-02 11:00,283.21,448.59
2029-08-02 12:00,281.6,452.26
2029-08-02 13:00,277.07,445.18
2029-08-02 14:00,278.65,436.59
2029-08-02 15:00,282.1,420.02
2029-08-02 16:00,274.86,387.78
2029-08-02 17:00,273.81,346.11
2029-08-02 18:00,273.0,321.25
2029-08-02 19:00,284.86,303.95
2029-08-02 20:00,285.13,293.8
2029-08-02 21:00,281.1,278.92
2029-08-02 22:00,279.75,276.48
2029-08-02 23:00,275.37,283.18
2029-08-03 00:00,276.87,292.2
2029-08-03 01:00,272.59,294.72
2029-08-03 02:00,263.44,285.14
2029-08-03 03:00,260.72,286.1
2029-08-03 04:00,257.91,273.73
2029-08-03 05:00,259.52,264.58
2029-08-03 06:00,268.34,275.02
2029-08-03 07:00,273.4,304.15
2029-08-03 08:00,275.49,342.36
2029-08-03 09:00,283.43,388.75
2029-08-03 10:00,289.74,428.32
2029-08-03 11:00,290.52,455.9
2029-08-03 12:00,294.98,455.27
2029-08-03 13:00,288.77,440.79
2029-08-03 14:00,291.29,432.2
2029-08-03 15:00,291.2,417.12
2029-08-03 16:00,284.0,384.96
2029-08-03 17:00,277.61,345.73
2029-08-03 18:00,277.36,320.42
2029-08-03 19:00,286.7,303.07
2029-08-03 20:00,287.6,302.25
2029-08-03 21:00,292.07,307.84
2029-08-03 22:00,291.77,312.63
2029-08-03 23:00,288.94,306.99
2029-08-04 00:00,276.12,298.25
2029-08-04 01:00,268.43,295.24
2029-08-04 02:00,260.88,292.76
2029-08-04 03:00,253.94,288.84
2029-08-04 04:00,250.79,275.94
2029-08-04 05:00,252.82,274.3
2029-08-04 06:00,262.07,287.88
2029-08-04 07:00,267.78,314.41
2029-08-04 08:00,268.24,356.48
2029-08-04 09:00,270.2,395.43
2029-08-04 10:00,276.54,422.01
2029-08-04 11:00,276.45,431.63
2029-08-04 12:00,274.2,427.73
2029-08-04 13:00,270.9,423.78
2029-08-04 14:00,274.5,410.77
2029-08-04 15:00,273.37,384.12
2029-08-04 16:00,268.96,345.75
2029-08-04 17:00,263.8,317.28
2029-08-04 18:00,264.46,284.76
2029-08-04 19:00,274.8,268.71
2029-08-04 20:00,273.19,260.57
2029-08-04 21:00,274.0,261.78
2029-08-04 22:00,271.29,268.03
2029-08-04 23:00,271.18,268.44
2029-08-05 00:00,250.49,236.11
2029-08-05 01:00,245.03,235.63
2029-08-05 02:00,239.27,242.52
2029-08-05 03:00,235.86,238.73
2029-08-05 04:00,236.18,247.49
2029-08-05 05:00,236.61,251.14
2029-08-05 06:00,243.8,254.69
2029-08-05 07:00,245.14,274.61
2029-08-05 08:00,247.39,309.58
2029-08-05 09:00,257.04,354.48
2029-08-05 10:00,262.38,387.87
2029-08-05 11:00,264.14,410.48
2029-08-05 12:00,265.84,418.86
2029-08-05 13:00,263.65,416.03
2029-08-05 14:00,266.14,408.12
2029-08-05 15:00,266.8,374.44
2029-08-05 16:00,261.73,334.46
2029-08-05 17:00,256.19,302.51
2029-08-05 18:00,259.9,271.73
2029-08-05 19:00,275.92,265.07
2029-08-05 20:00,273.06,263.48
2029-08-05 21:00,268.97,255.09
2029-08-05 22:00,268.44,254.63
2029-08-05 23:00,266.99,258.02
2029-08-06 00:00,260.9,246.72
2029-08-06 01:00,252.91,243.39
2029-08-06 02:00,244.99,238.99
2029-08-06 03:00,240.98,238.11
2029-08-06 04:00,236.64,233.33
2029-08-06 05:00,238.52,236.75
2029-08-06 06:00,243.03,239.17
2029-08-06 07:00,250.9,274.25
2029-08-06 08:00,250.95,311.51
2029-08-06 09:00,260.1,360.01
2029-08-06 10:00,264.49,388.82
2029-08-06 11:00,262.35,402.66
2029-08-06 12:00,258.4,399.72
2029-08-06 13:00,255.79,398.68
2029-08-06 14:00,255.35,379.44
2029-08-06 15:00,255.44,357.97
2029-08-06 16:00,253.71,332.93
2029-08-06 17:00,248.51,302.34
2029-08-06 18:00,247.77,274.21
2029-08-06 19:00,261.21,258.75
2029-08-06 20:00,260.22,253.24
2029-08-06 21:00,261.18,254.6
2029-08-06 22:00,261.13,260.21
2029-08-06 23:00,258.46,264.67
2029-08-07 00:00,256.87,272.36
2029-08-07 01:00,246.07,258.19
2029-08-07 02:00,244.24,264.78
2029-08-07 03:00,239.24,263.24
2029-08-07 04:00,243.39,270.87
2029-08-07 05:00,241.93,265.29
2029-08-07 06:00,246.14,256.54
2029-08-07 07:00,249.62,284.12
2029-08-07 08:00,253.75,309.64
2029-08-07 09:00,264.12,356.77
2029-08-07 10:00,271.05,390.05
2029-08-07 11:00,272.34,396.8
2029-08-07 12:00,272.52,400.89
2029-08-07 13:00,270.5,400.16
2029-08-07 14:00,272.02,398.42
2029-08-07 15:00,276.46,381.94
2029-08-07 16:00,272.39,357.25
2029-08-07 17:00,261.41,319.09
2029-08-07 18:00,262.4,293.37
2029-08-07 19:00,271.17,276.21
2029-08-07 20:00,270.98,275.69
2029-08-07 21:00,272.27,274.47
2029-08-07 22:00,273.01,274.11
2029-08-07 23:00,268.57,269.06
2029-08-08 00:00,254.77,259.72
2029-08-08 01:00,247.41,268.72
2029-08-08 02:00,239.64,264.13
2029-08-08 03:00,234.84,259.34
2029-08-08 04:00,233.93,262.55
2029-08-08 05:00,235.53,257.01
2029-08-08 06:00,241.95,255.77
2029-08-08 07:00,249.2,276.04
2029-08-08 08:00,251.99,313.04
2029-08-08 09:00,257.86,355.18
2029-08-08 10:00,259.76,387.58
2029-08-08 11:00,264.36,400.81
2029-08-08 12:00,269.05,404.61
2029-08-08 13:00,263.56,394.44
2029-08-08 14:00,265.8,384.26
2029-08-08 15:00,263.66,379.51
2029-08-08 16:00,258.05,352.0
2029-08-08 17:00,253.52,312.16
2029-08-08 18:00,252.28,273.94
2029-08-08 19:00,264.14,257.69
2029-08-08 20:00,264.39,259.93
2029-08-08 21:00,263.54,254.86
2029-08-08 22:00,266.48,263.91
2029-08-08 23:00,265.52,272.39
2029-08-09 00:00,257.69,269.63
2029-08-09 01:00,252.52,270.62
2029-08-09 02:00,248.6,277.29
2029-08-09 03:00,244.49,264.88
2029-08-09 04:00,244.78,264.54
2029-08-09 05:00,247.22,267.62
2029-08-09 06:00,249.13,264.53
2029-08-09 07:00,252.58,286.19
2029-08-09 08:00,255.01,320.74
2029-08-09 09:00,261.3,360.63
2029-08-09 10:00,265.61,393.4
2029-08-09 11:00,266.54,415.66
2029-08-09 12:00,266.34,408.33
2029-08-09 13:00,265.86,408.82
2029-08-09 14:00,265.85,386.72
2029-08-09 15:00,267.11,378.03
2029-08-09 16:00,256.66,341.42
2029-08-09 17:00,249.4,301.6
2029-08-09 18:00,251.7,281.71
2029-08-09 19:00,265.45,286.76
2029-08-09 20:00,263.84,280.35
2029-08-09 21:00,262.67,269.12
2029-08-09 22:00,260.94,274.57
2029-08-09 23:00,254.07,264.92
2029-08-10 00:00,249.04,266.64
2029-08-10 01:00,248.35,268.91
2029-08-10 02:00,244.64,274.95
2029-08-10 03:00,243.04,276.88
2029-08-10 04:00,243.03,284.87
2029-08-10 05:00,241.52,281.57
2029-08-10 06:00,249.6,289.21
2029-08-10 07:00,253.89,311.39
2029-08-10 08:00,258.81,346.78
2029-08-10 09:00,264.36,374.07
2029-08-10 10:00,266.46,391.41
2029-08-10 11:00,265.41,402.72
2029-08-10 12:00,266.24,411.18
2029-08-10 13:00,264.25,407.78
2029-08-10 14:00,266.18,401.34
2029-08-10 15:00,264.34,388.9
2029-08-10 16:00,256.8,351.41
2029-08-10 17:00,255.12,329.11
2029-08-10 18:00,258.42,298.03
2029-08-10 19:00,267.77,289.65
2029-08-10 20:00,264.8,288.93
2029-08-10 21:00,264.31,287.49
2029-08-10 22:00,263.14,287.4
2029-08-10 23:00,258.23,278.32
2029-08-11 00:00,253.54,270.34
2029-08-11 01:00,243.95,256.15
2029-08-11 02:00,238.75,258.18
2029-08-11 03:00,236.33,263.45
2029-08-11 04:00,236.59,262.16
2029-08-11 05:00,237.08,264.07
2029-08-11 06:00,244.36,267.21
2029-08-11 07:00,247.51,291.65
2029-08-11 08:00,252.53,328.11
2029-08-11 09:00,265.96,364.25
2029-08-11 10:00,269.12,394.58
2029-08-11 11:00,272.41,404.12
2029-08-11 12:00,274.31,404.06
2029-08-11 13:00,271.73,406.94
2029-08-11 14:00,275.78,402.14
2029-08-11 15:00,275.99,384.24
2029-08-11 16:00,271.07,347.07
2029-08-11 17:00,264.29,315.64
2029-08-11 18:00,266.07,306.19
2029-08-11 19:00,276.45,293.87
2029-08-11 20:00,275.87,281.56
2029-08-11 21:00,274.61,274.73
2029-08-11 22:00,270.29,271.3
2029-08-11 23:00,268.28,270.55
2029-08-12 00:00,258.89,275.53
2029-08-12 01:00,253.87,277.33
2029-08-12 02:00,246.89,276.15
2029-08-12 03:00,242.41,269.14
2029-08-12 04:00,236.7,269.12
2029-08-12 05:00,238.18,265.52
2029-08-12 06:00,241.64,263.98
2029-08-12 07:00,243.84,279.06
2029-08-12 08:00,247.31,320.92
2029-08-12 09:00,257.26,364.74
2029-08-12 10:00,259.76,389.59
2029-08-12 11:00,262.24,407.01
2029-08-12 12:00,263.58,411.8
2029-08-12 13:00,259.97,406.17
2029-08-12 14:00,264.62,407.99
2029-08-12 15:00,263.85,389.85
2029-08-12 16:00,259.74,369.15
2029-08-12 17:00,254.06,332.89
2029-08-12 18:00,258.14,309.4
2029-08-12 19:00,271.05,296.63
2029-08-12 20:00,270.66,295.21
2029-08-12 21:00,267.94,292.43
2029-08-12 22:00,269.84,296.31
2029-08-12 23:00,268.56,296.18
2029-08-13 00:00,279.03,287.97
2029-08-13 01:00,274.42,288.43
2029-08-13 02:00,266.07,281.7
2029-08-13 03:00,262.32,280.69
2029-08-13 04:00,263.37,279.51
2029-08-13 05:00,265.25,278.11
2029-08-13 06:00,271.54,284.91
2029-08-13 07:00,276.55,314.61
2029-08-13 08:00,279.57,346.71
2029-08-13 09:00,287.33,387.23
2029-08-13 10:00,292.03,412.29
2029-08-13 11:00,291.84,422.54
2029-08-13 12:00,290.98,424.62
2029-08-13 13:00,286.66,429.61
2029-08-13 14:00,284.2,419.4
2029-08-13 15:00,280.76,393.52
2029-08-13 16:00,273.84,361.95
2029-08-13 17:00,271.53,328.55
2029-08-13 18:00,268.98,294.35
2029-08-13 19:00,281.16,286.17
2029-08-13 20:00,282.03,287.18
2029-08-13 21:00,285.96,283.22
2029-08-13 22:00,282.45,288.43
2029-08-13 23:00,276.44,282.54
2029-08-14 00:00,260.34,254.29
2029-08-14 01:00,254.28,257.39
2029-08-14 02:00,244.16,244.91
2029-08-14 03:00,239.86,241.48
2029-08-14 04:00,239.25,241.39
2029-08-14 05:00,242.51,246.48
2029-08-14 06:00,249.82,249.74
2029-08-14 07:00,255.87,267.65
2029-08-14 08:00,262.63,310.47
2029-08-14 09:00,269.18,349.11
2029-08-14 10:00,271.68,374.17
2029-08-14 11:00,272.8,387.02
2029-08-14 12:00,273.29,391.63
2029-08-14 13:00,267.46,389.73
2029-08-14 14:00,266.3,383.42
2029-08-14 15:00,269.16,366.22
2029-08-14 16:00,265.68,349.83
2029-08-14 17:00,263.58,316.69
2029-08-14 18:00,267.66,294.85
2029-08-14 19:00,279.93,296.32
2029-08-14 20:00,278.63,290.43
2029-08-14 21:00,277.8,283.97
2029-08-14 22:00,274.47,277.2
2029-08-14 23:00,271.61,282.66
2029-08-15 00:00,266.69,284.52
2029-08-15 01:00,260.79,287.14
2029-08-15 02:00,254.15,284.37
2029-08-15 03:00,250.03,280.26
2029-08-15 04:00,249.16,263.92
2029-08-15 05:00,246.87,266.11
2029-08-15 06:00,250.8,267.63
2029-08-15 07:00,254.66,299.08
2029-08-15 08:00,260.1,340.52
2029-08-15 09:00,273.1,384.25
2029-08-15 10:00,278.51,411.24
2029-08-15 11:00,278.17,423.2
2029-08-15 12:00,274.39,432.49
2029-08-15 13:00,271.17,426.56
2029-08-15 14:00,274.61,416.41
2029-08-15 15:00,270.88,395.17
2029-08-15 16:00,266.87,365.09
2029-08-15 17:00,264.69,329.29
2029-08-15 18:00,261.47,301.27
2029-08-15 19:00,272.69,286.25
2029-08-15 20:00,272.25,286.04
2029-08-15 21:00,270.74,284.59
2029-08-15 22:00,268.84,278.14
2029-08-15 23:00,265.29,272.83
2029-08-16 00:00,260.34,281.96
2029-08-16 01:00,253.88,281.21
2029-08-16 02:00,244.1,274.79
2029-08-16 03:00,241.41,265.75
2029-08-16 04:00,242.16,267.02
2029-08-16 05:00,246.54,275.23
2029-08-16 06:00,253.81,265.91
2029-08-16 07:00,257.18,287.99
2029-08-16 08:00,256.2,322.0
2029-08-16 09:00,266.63,364.87
2029-08-16 10:00,273.83,397.02
2029-08-16 11:00,275.82,410.45
2029-08-16 12:00,273.44,419.01
2029-08-16 13:00,266.11,408.35
2029-08-16 14:00,265.75,403.19
2029-08-16 15:00,264.07,369.61
2029-08-16 16:00,260.34,351.81
2029-08-16 17:00,255.27,323.9
2029-08-16 18:00,256.65,290.15
2029-08-16 19:00,268.31,277.73
2029-08-16 20:00,268.06,288.26
2029-08-16 21:00,268.35,285.19
2029-08-16 22:00,263.32,280.69
2029-08-16 23:00,262.99,276.26
2029-08-17 00:00,255.28,282.43
2029-08-17 01:00,247.03,275.3
2029-08-17 02:00,239.47,269.65
2029-08-17 03:00,234.12,268.48
2029-08-17 04:00,236.18,274.46
2029-08-17 05:00,239.47,274.11
2029-08-17 06:00,247.85,275.48
2029-08-17 07:00,253.48,304.04
2029-08-17 08:00,254.71,343.08
2029-08-17 09:00,263.44,382.79
2029-08-17 10:00,269.79,412.43
2029-08-17 11:00,269.53,423.63
2029-08-17 12:00,269.43,424.31
2029-08-17 13:00,266.96,410.0
2029-08-17 14:00,269.37,404.56
2029-08-17 15:00,269.22,387.51
2029-08-17 16:00,268.73,361.06
2029-08-17 17:00,261.52,327.76
2029-08-17 18:00,258.69,301.7
2029-08-17 19:00,267.09,286.46
2029-08-17 20:00,267.91,274.55
2029-08-17 21:00,267.81,277.47
2029-08-17 22:00,266.59,277.88
2029-08-17 23:00,265.1,274.83
2029-08-18 00:00,262.39,273.49
2029-08-18 01:00,254.93,272.88
2029-08-18 02:00,249.88,271.41
2029-08-18 03:00,246.6,271.69
2029-08-18 04:00,247.35,273.29
2029-08-18 05:00,250.33,274.42
2029-08-18 06:00,257.32,285.14
2029-08-18 07:00,263.84,315.57
2029-08-18 08:00,268.42,353.81
2029-08-18 09:00,277.12,396.14
2029-08-18 10:00,278.78,413.95
2029-08-18 11:00,280.01,423.54
2029-08-18 12:00,276.13,423.15
2029-08-18 13:00,268.57,421.7
2029-08-18 14:00,269.03,410.12
2029-08-18 15:00,267.61,396.8
2029-08-18 16:00,265.53,366.93
2029-08-18 17:00,256.2,332.26
2029-08-18 18:00,259.49,299.45
2029-08-18 19:00,271.74,299.02
2029-08-18 20:00,272.23,303.44
2029-08-18 21:00,270.48,292.44
2029-08-18 22:00,267.94,283.9
2029-08-18 23:00,263.22,294.46
2029-08-19 00:00,263.33,278.02
2029-08-19 01:00,261.25,276.55
2029-08-19 02:00,258.46,279.25
2029-08-19 03:00,253.79,275.93
2029-08-19 04:00,248.79,269.57
2029-08-19 05:00,246.67,263.55
2029-08-19 06:00,255.29,270.33
2029-08-19 07:00,264.95,302.24
2029-08-19 08:00,267.29,340.92
2029-08-19 09:00,275.69,383.23
2029-08-19 10:00,278.65,409.37
2029-08-19 11:00,279.35,427.2
2029-08-19 12:00,282.26,438.8
2029-08-19 13:00,277.6,429.94
2029-08-19 14:00,280.55,419.3
2029-08-19 15:00,279.65,397.93
2029-08-19 16:00,274.37,369.09
2029-08-19 17:00,265.31,324.04
2029-08-19 18:00,265.5,292.2
2029-08-19 19:00,275.2,275.34
2029-08-19 20:00,273.48,274.02
2029-08-19 21:00,275.52,274.24
2029-08-19 22:00,274.6,285.12
2029-08-19 23:00,272.93,283.06
2029-08-20 00:00,255.74,270.53
2029-08-20 01:00,256.8,279.36
2029-08-20 02:00,255.09,279.33
2029-08-20 03:00,252.17,289.06
2029-08-20 04:00,249.52,285.15
2029-08-20 05:00,246.07,280.16
2029-08-20 06:00,253.15,289.23
2029-08-20 07:00,255.9,308.96
2029-08-20 08:00,257.26,334.75
2029-08-20 09:00,265.86,371.74
2029-08-20 10:00,270.77,409.77
2029-08-20 11:00,272.75,418.83
2029-08-20 12:00,273.63,429.25
2029-08-20 13:00,266.68,425.37
2029-08-20 14:00,268.4,410.29
2029-08-20 15:00,269.33,394.88
2029-08-20 16:00,264.39,354.3
2029-08-20 17:00,257.08,309.09
2029-08-20 18:00,259.33,282.79
2029-08-20 19:00,272.41,280.55
2029-08-20 20:00,273.52,282.93
2029-08-20 21:00,275.04,274.2
2029-08-20 22:00,275.2,266.84
2029-08-20 23:00,269.22,271.22
2029-08-21 00:00,253.43,274.01
2029-08-21 01:00,242.88,275.9
2029-08-21 02:00,231.68,265.37
2029-08-21 03:00,227.87,273.9
2029-08-21 04:00,226.34,277.16
2029-08-21 05:00,228.06,270.73
2029-08-21 06:00,234.32,269.14
2029-08-21 07:00,239.37,292.13
2029-08-21 08:00,242.48,341.23
2029-08-21 09:00,250.49,382.49
2029-08-21 10:00,255.34,406.64
2029-08-21 11:00,256.66,414.06
2029-08-21 12:00,255.75,416.58
2029-08-21 13:00,251.58,412.76
2029-08-21 14:00,253.15,393.36
2029-08-21 15:00,253.28,376.82
2029-08-21 16:00,249.11,347.5
2029-08-21 17:00,243.77,311.24
2029-08-21 18:00,245.67,291.46
2029-08-21 19:00,256.78,276.97
2029-08-21 20:00,256.06,276.46
2029-08-21 21:00,255.18,279.62
2029-08-21 22:00,253.68,276.84
2029-08-21 23:00,249.61,269.83
2029-08-22 00:00,243.67,251.56
2029-08-22 01:00,237.2,256.11
2029-08-22 02:00,231.69,244.96
2029-08-22 03:00,227.89,244.92
2029-08-22 04:00,226.39,248.97
2029-08-22 05:00,228.13,249.37
2029-08-22 06:00,234.37,250.71
2029-08-22 07:00,241.44,266.68
2029-08-22 08:00,247.6,315.41
2029-08-22 09:00,256.93,354.47
2029-08-22 10:00,261.5,375.82
2029-08-22 11:00,258.81,381.93
2029-08-22 12:00,261.21,396.07
2029-08-22 13:00,257.49,395.59
2029-08-22 14:00,259.48,375.8
2029-08-22 15:00,256.17,356.33
2029-08-22 16:00,254.92,329.14
2029-08-22 17:00,250.46,295.35
2029-08-22 18:00,250.79,266.27
2029-08-22 19:00,264.87,268.88
2029-08-22 20:00,262.83,259.85
2029-08-22 21:00,260.5,259.09
2029-08-22 22:00,262.41,258.13
2029-08-22 23:00,261.49,263.41
2029-08-23 00:00,263.9,277.4
2029-08-23 01:00,260.16,275.21
2029-08-23 02:00,252.81,268.85
2029-08-23 03:00,247.97,276.46
2029-08-23 04:00,244.05,270.84
2029-08-23 05:00,245.67,261.86
2029-08-23 06:00,246.44,264.25
2029-08-23 07:00,254.31,284.22
2029-08-23 08:00,260.08,332.46
2029-08-23 09:00,266.99,371.51
2029-08-23 10:00,271.36,405.54
2029-08-23 11:00,272.44,412.46
2029-08-23 12:00,273.41,421.32
2029-08-23 13:00,268.3,411.78
2029-08-23 14:00,271.93,404.67
2029-08-23 15:00,267.92,387.25
2029-08-23 16:00,265.2,359.79
2029-08-23 17:00,254.25,319.0
2029-08-23 18:00,256.49,300.38
2029-08-23 19:00,268.97,294.63
2029-08-23 20:00,271.92,300.71
2029-08-23 21:00,270.2,280.64
2029-08-23 22:00,269.7,280.84
2029-08-23 23:00,267.55,279.72
2029-08-24 00:00,259.67,288.87
2029-08-24 01:00,251.43,268.74
2029-08-24 02:00,244.34,275.18
2029-08-24 03:00,240.6,281.38
2029-08-24 04:00,237.13,275.6
2029-08-24 05:00,241.33,272.94
2029-08-24 06:00,245.35,273.34
2029-08-24 07:00,250.56,296.13
2029-08-24 08:00,252.65,331.5
2029-08-24 09:00,263.45,376.42
2029-08-24 10:00,268.76,396.94
2029-08-24 11:00,270.14,417.48
2029-08-24 12:00,269.22,414.61
2029-08-24 13:00,264.39,417.29
2029-08-24 14:00,270.72,411.78
2029-08-24 15:00,270.0,392.48
2029-08-24 16:00,265.9,362.05
2029-08-24 17:00,261.19,325.87
2029-08-24 18:00,261.78,293.44
2029-08-24 19:00,272.61,290.04
2029-08-24 20:00,272.2,289.33
2029-08-24 21:00,268.53,291.0
2029-08-24 22:00,266.68,290.89
2029-08-24 23:00,265.56,295.29
2029-08-25 00:00,260.41,275.61
2029-08-25 01:00,251.69,269.52
2029-08-25 02:00,245.78,263.89
2029-08-25 03:00,245.23,262.19
2029-08-25 04:00,244.53,263.38
2029-08-25 05:00,242.17,257.45
2029-08-25 06:00,249.06,259.29
2029-08-25 07:00,254.42,283.72
2029-08-25 08:00,258.0,329.37
2029-08-25 09:00,267.8,367.55
2029-08-25 10:00,271.16,407.96
2029-08-25 11:00,272.02,420.51
2029-08-25 12:00,268.3,428.87
2029-08-25 13:00,269.11,433.14
2029-08-25 14:00,271.98,417.5
2029-08-25 15:00,273.05,401.96
2029-08-25 16:00,266.54,367.58
2029-08-25 17:00,262.2,329.29
2029-08-25 18:00,264.72,297.07
2029-08-25 19:00,273.5,294.49
2029-08-25 20:00,273.78,291.94
2029-08-25 21:00,271.78,295.48
2029-08-25 22:00,271.07,295.27
2029-08-25 23:00,272.8,294.49
2029-08-26 00:00,273.24,287.3
2029-08-26 01:00,266.98,283.75
2029-08-26 02:00,260.68,281.23
2029-08-26 03:00,257.01,276.53
2029-08-26 04:00,257.36,279.21
2029-08-26 05:00,255.65,279.03
2029-08-26 06:00,262.99,271.9
2029-08-26 07:00,264.66,289.43
2029-08-26 08:00,266.05,336.32
2029-08-26 09:00,272.81,369.6
2029-08-26 10:00,276.53,399.52
2029-08-26 11:00,276.97,410.72
2029-08-26 12:00,276.09,414.51
2029-08-26 13:00,268.35,406.71
2029-08-26 14:00,269.61,397.5
2029-08-26 15:00,272.87,377.05
2029-08-26 16:00,265.89,344.17
2029-08-26 17:00,264.09,313.24
2029-08-26 18:00,268.78,276.06
2029-08-26 19:00,277.42,270.83
2029-08-26 20:00,277.3,275.91
2029-08-26 21:00,277.41,267.04
2029-08-26 22:00,277.64,272.13
2029-08-26 23:00,277.49,280.22
2029-08-27 00:00,272.71,278.93
2029-08-27 01:00,267.71,270.83
2029-08-27 02:00,263.47,268.46
2029-08-27 03:00,261.06,268.03
2029-08-27 04:00,261.48,267.63
2029-08-27 05:00,263.22,271.33
2029-08-27 06:00,266.87,267.71
2029-08-27 07:00,271.69,288.9
2029-08-27 08:00,275.07,326.81
2029-08-27 09:00,280.15,366.85
2029-08-27 10:00,284.93,399.93
2029-08-27 11:00,287.58,412.04
2029-08-27 12:00,288.34,419.32
2029-08-27 13:00,285.52,413.05
2029-08-27 14:00,286.02,404.69
2029-08-27 15:00,285.74,377.07
2029-08-27 16:00,277.51,346.32
2029-08-27 17:00,271.1,310.15
2029-08-27 18:00,278.68,285.29
2029-08-27 19:00,284.78,271.32
2029-08-27 20:00,289.71,282.39
2029-08-27 21:00,290.78,282.39
2029-08-27 22:00,287.17,284.93
2029-08-27 23:00,286.23,281.54
2029-08-28 00:00,280.38,284.43
2029-08-28 01:00,273.44,277.52
2029-08-28 02:00,267.62,275.0
2029-08-28 03:00,264.9,277.05
2029-08-28 04:00,261.92,283.64
2029-08-28 05:00,264.68,289.79
2029-08-28 06:00,271.55,290.34
2029-08-28 07:00,276.6,318.72
2029-08-28 08:00,279.03,356.71
2029-08-28 09:00,287.51,396.67
2029-08-28 10:00,292.44,427.31
2029-08-28 11:00,291.9,433.38
2029-08-28 12:00,292.27,428.66
2029-08-28 13:00,287.69,430.79
2029-08-28 14:00,289.42,424.33
2029-08-28 15:00,290.47,404.64
2029-08-28 16:00,285.64,371.65
2029-08-28 17:00,275.24,331.42
2029-08-28 18:00,276.17,302.46
2029-08-28 19:00,288.58,299.63
2029-08-28 20:00,291.18,299.51
2029-08-28 21:00,288.24,297.41
2029-08-28 22:00,289.16,299.68
2029-08-28 23:00,282.95,291.98
2029-08-29 00:00,259.95,271.11
2029-08-29 01:00,254.51,266.71
2029-08-29 02:00,245.83,253.96
2029-08-29 03:00,241.91,242.32
2029-08-29 04:00,241.75,242.74
2029-08-29 05:00,246.99,244.38
2029-08-29 06:00,251.93,243.42
2029-08-29 07:00,263.27,282.15
2029-08-29 08:00,264.93,322.89
2029-08-29 09:00,272.3,369.11
2029-08-29 10:00,275.54,390.55
2029-08-29 11:00,272.46,398.74
2029-08-29 12:00,267.26,401.05
2029-08-29 13:00,262.1,405.27
2029-08-29 14:00,266.25,389.85
2029-08-29 15:00,262.93,358.89
2029-08-29 16:00,263.06,327.88
2029-08-29 17:00,258.75,293.18
2029-08-29 18:00,262.44,269.52
2029-08-29 19:00,272.16,262.93
2029-08-29 20:00,271.85,271.38
2029-08-29 21:00,268.27,267.49
2029-08-29 22:00,265.86,262.23
2029-08-29 23:00,263.06,264.67
2029-08-30 00:00,252.35,260.02
2029-08-30 01:00,248.87,267.8
2029-08-30 02:00,245.19,253.99
2029-08-30 03:00,242.35,252.13
2029-08-30 04:00,236.84,247.68
2029-08-30 05:00,242.43,258.78
2029-08-30 06:00,246.79,256.92
2029-08-30 07:00,252.76,287.64
2029-08-30 08:00,258.46,336.22
2029-08-30 09:00,266.94,391.29
2029-08-30 10:00,273.56,421.49
2029-08-30 11:00,274.12,441.21
2029-08-30 12:00,276.33,443.4
2029-08-30 13:00,272.94,444.22
2029-08-30 14:00,274.6,430.44
2029-08-30 15:00,270.38,396.53
2029-08-30 16:00,267.32,369.79
2029-08-30 17:00,261.13,323.42
2029-08-30 18:00,263.96,301.53
2029-08-30 19:00,273.76,280.4
2029-08-30 20:00,271.72,277.81
2029-08-30 21:00,268.21,272.8
2029-08-30 22:00,268.16,275.23
2029-08-30 23:00,264.35,276.6
2029-08-31 00:00,267.29,284.48
2029-08-31 01:00,261.63,291.74
2029-08-31 02:00,253.99,293.25
2029-08-31 03:00,247.3,292.66
2029-08-31 04:00,249.05,297.37
2029-08-31 05:00,250.95,289.27
2029-08-31 06:00,261.48,289.22
2029-08-31 07:00,261.93,313.41
2029-08-31 08:00,265.53,362.45
2029-08-31 09:00,277.12,405.83
2029-08-31 10:00,282.57,426.89
2029-08-31 11:00,282.23,431.79
2029-08-31 12:00,282.08,431.94
2029-08-31 13:00,277.97,431.2
2029-08-31 14:00,275.89,424.86
2029-08-31 15:00,276.39,393.1
2029-08-31 16:00,272.93,358.78
2029-08-31 17:00,266.67,327.16
2029-08-31 18:00,271.41,299.68
2029-08-31 19:00,280.9,288.79
2029-08-31 20:00,275.34,281.99
2029-08-31 21:00,272.33,276.07
2029-08-31 22:00,271.85,272.86
2029-08-31 23:00,264.05,274.58
2029-09-01 00:00,265.07,292.39
2029-09-01 01:00,258.54,299.78
2029-09-01 02:00,253.64,301.12
2029-09-01 03:00,251.1,298.76
2029-09-01 04:00,245.59,296.65
2029-09-01 05:00,247.9,296.38
2029-09-01 06:00,256.89,297.8
2029-09-01 07:00,266.47,326.69
2029-09-01 08:00,272.15,372.03
2029-09-01 09:00,280.85,411.86
2029-09-01 10:00,287.64,444.77
2029-09-01 11:00,292.33,453.15
2029-09-01 12:00,288.76,456.35
2029-09-01 13:00,284.08,452.19
2029-09-01 14:00,281.9,429.56
2029-09-01 15:00,284.05,413.2
2029-09-01 16:00,276.19,386.75
2029-09-01 17:00,273.01,344.38
2029-09-01 18:00,274.39,324.46
2029-09-01 19:00,285.15,318.6
2029-09-01 20:00,284.77,318.4
2029-09-01 21:00,284.42,315.42
2029-09-01 22:00,280.73,303.8
2029-09-01 23:00,278.68,302.41
2029-09-02 00:00,266.45,295.55
2029-09-02 01:00,261.49,286.06
2029-09-02 02:00,257.31,299.19
2029-09-02 03:00,250.22,291.4
2029-09-02 04:00,249.14,292.09
2029-09-02 05:00,248.79,284.36
2029-09-02 06:00,254.16,281.88
2029-09-02 07:00,262.45,317.6
2029-09-02 08:00,266.42,357.25
2029-09-02 09:00,272.45,405.06
2029-09-02 10:00,277.2,434.06
2029-09-02 11:00,279.01,449.54
2029-09-02 12:00,280.19,456.21
2029-09-02 13:00,273.95,445.24
2029-09-02 14:00,274.1,436.76
2029-09-02 15:00,273.88,407.89
2029-09-02 16:00,267.96,371.08
2029-09-02 17:00,260.8,328.27
2029-09-02 18:00,262.19,302.41
2029-09-02 19:00,277.73,311.15
2029-09-02 20:00,282.28,315.99
2029-09-02 21:00,280.24,313.98
2029-09-02 22:00,278.49,311.8
2029-09-02 23:00,276.63,312.53
2029-09-03 00:00,267.58,307.03
2029-09-03 01:00,260.3,305.49
2029-09-03 02:00,253.85,302.87
2029-09-03 03:00,248.92,299.97
2029-09-03 04:00,249.22,300.33
2029-09-03 05:00,254.31,302.74
2029-09-03 06:00,257.56,300.15
2029-09-03 07:00,263.62,327.29
2029-09-03 08:00,264.09,369.15
2029-09-03 09:00,273.58,415.28
2029-09-03 10:00,281.42,448.21
2029-09-03 11:00,280.35,459.3
2029-09-03 12:00,284.75,466.16
2029-09-03 13:00,276.78,457.09
2029-09-03 14:00,277.25,440.84
2029-09-03 15:00,276.72,421.44
2029-09-03 16:00,271.37,386.41
2029-09-03 17:00,264.33,344.1
2029-09-03 18:00,264.17,313.51
2029-09-03 19:00,276.82,308.13
2029-09-03 20:00,276.61,310.4
2029-09-03 21:00,274.4,308.24
2029-09-03 22:00,271.17,306.18
2029-09-03 23:00,265.8,302.83
2029-09-04 00:00,248.49,279.56
2029-09-04 01:00,244.43,285.23
2029-09-04 02:00,237.91,282.44
2029-09-04 03:00,235.46,274.98
2029-09-04 04:00,233.68,269.98
2029-09-04 05:00,234.53,268.37
2029-09-04 06:00,239.06,272.74
2029-09-04 07:00,244.93,301.39
2029-09-04 08:00,246.53,343.38
2029-09-04 09:00,256.3,388.66
2029-09-04 10:00,261.17,411.18
2029-09-04 11:00,260.64,428.82
2029-09-04 12:00,260.81,439.95
2029-09-04 13:00,256.27,427.02
2029-09-04 14:00,256.35,412.18
2029-09-04 15:00,257.65,391.04
2029-09-04 16:00,253.13,358.76
2029-09-04 17:00,247.37,311.65
2029-09-04 18:00,249.27,275.94
2029-09-04 19:00,261.48,275.67
2029-09-04 20:00,259.15,270.78
2029-09-04 21:00,258.38,269.04
2029-09-04 22:00,262.26,279.22
2029-09-04 23:00,255.68,263.77
2029-09-05 00:00,249.93,252.8
2029-09-05 01:00,238.94,249.21
2029-09-05 02:00,236.43,253.23
2029-09-05 03:00,229.19,247.35
2029-09-05 04:00,228.41,245.85
2029-09-05 05:00,229.09,244.15
2029-09-05 06:00,235.08,254.4
2029-09-05 07:00,240.11,277.19
2029-09-05 08:00,243.44,327.32
2029-09-05 09:00,253.58,370.77
2029-09-05 10:00,258.57,399.8
2029-09-05 11:00,260.87,414.79
2029-09-05 12:00,257.46,412.13
2029-09-05 13:00,257.03,404.72
2029-09-05 14:00,256.8,395.36
2029-09-05 15:00,259.68,378.52
2029-09-05 16:00,255.18,344.83
2029-09-05 17:00,251.59,304.4
2029-09-05 18:00,254.75,271.34
2029-09-05 19:00,258.83,258.63
2029-09-05 20:00,256.41,255.05
2029-09-05 21:00,255.17,266.53
2029-09-05 22:00,253.72,267.81
2029-09-05 23:00,249.84,269.2
2029-09-06 00:00,243.85,266.5
2029-09-06 01:00,237.49,266.47
2029-09-06 02:00,232.51,255.43
2029-09-06 03:00,230.82,252.45
2029-09-06 04:00,227.53,253.42
2029-09-06 05:00,229.98,255.46
2029-09-06 06:00,235.13,253.82
2029-09-06 07:00,243.5,283.94
2029-09-06 08:00,250.0,333.68
2029-09-06 09:00,255.1,379.2
2029-09-06 10:00,261.44,407.6
2029-09-06 11:00,264.56,422.72
2029-09-06 12:00,265.85,421.66
2029-09-06 13:00,262.62,407.06
2029-09-06 14:00,266.73,404.63
2029-09-06 15:00,262.33,377.71
2029-09-06 16:00,257.14,346.31
2029-09-06 17:00,252.46,306.18
2029-09-06 18:00,257.82,278.36
2029-09-06 19:00,264.33,278.75
2029-09-06 20:00,264.21,282.11
2029-09-06 21:00,262.63,283.17
2029-09-06 22:00,260.46,274.05
2029-09-06 23:00,255.94,277.06
2029-09-07 00:00,257.01,285.17
2029-09-07 01:00,246.09,283.34
2029-09-07 02:00,240.33,278.7
2029-09-07 03:00,234.51,271.73
2029-09-07 04:00,236.25,271.96
2029-09-07 05:00,240.57,267.83
2029-09-07 06:00,246.5,263.8
2029-09-07 07:00,253.28,284.47
2029-09-07 08:00,257.71,332.83
2029-09-07 09:00,269.1,375.59
2029-09-07 10:00,277.59,412.41
2029-09-07 11:00,274.37,434.26
2029-09-07 12:00,267.89,415.35
2029-09-07 13:00,262.47,416.11
2029-09-07 14:00,267.88,421.06
2029-09-07 15:00,270.24,395.26
2029-09-07 16:00,266.04,357.83
2029-09-07 17:00,259.04,317.06
2029-09-07 18:00,259.01,286.32
2029-09-07 19:00,268.85,285.58
2029-09-07 20:00,261.69,272.84
2029-09-07 21:00,262.7,272.64
2029-09-07 22:00,262.61,268.75
2029-09-07 23:00,258.92,264.85
2029-09-08 00:00,256.17,277.14
2029-09-08 01:00,248.01,267.68
2029-09-08 02:00,243.17,274.17
2029-09-08 03:00,237.84,275.1
2029-09-08 04:00,236.24,276.09
2029-09-08 05:00,239.73,279.71
2029-09-08 06:00,247.98,284.05
2029-09-08 07:00,254.12,317.27
2029-09-08 08:00,256.14,357.77
2029-09-08 09:00,265.4,407.23
2029-09-08 10:00,270.77,441.0
2029-09-08 11:00,273.61,456.08
2029-09-08 12:00,266.97,451.54
2029-09-08 13:00,259.05,437.72
2029-09-08 14:00,262.25,423.49
2029-09-08 15:00,266.65,403.41
2029-09-08 16:00,266.21,376.53
2029-09-08 17:00,258.29,330.5
2029-09-08 18:00,262.89,304.52
2029-09-08 19:00,270.3,299.3
2029-09-08 20:00,264.02,294.59
2029-09-08 21:00,263.31,297.7
2029-09-08 22:00,266.13,301.84
2029-09-08 23:00,263.24,300.8
2029-09-09 00:00,264.22,305.61
2029-09-09 01:00,258.5,285.63
2029-09-09 02:00,251.56,280.25
2029-09-09 03:00,248.81,282.75
2029-09-09 04:00,247.76,282.26
2029-09-09 05:00,252.47,283.14
2029-09-09 06:00,260.19,279.68
2029-09-09 07:00,263.95,308.62
2029-09-09 08:00,268.72,357.13
2029-09-09 09:00,273.59,397.36
2029-09-09 10:00,278.57,423.57
2029-09-09 11:00,279.24,434.54
2029-09-09 12:00,277.99,441.54
2029-09-09 13:00,273.43,434.85
2029-09-09 14:00,275.31,424.0
2029-09-09 15:00,277.85,405.46
2029-09-09 16:00,274.67,373.71
2029-09-09 17:00,270.13,329.36
2029-09-09 18:00,271.58,293.61
2029-09-09 19:00,284.81,292.61
2029-09-09 20:00,276.95,292.17
2029-09-09 21:00,277.34,295.87
2029-09-09 22:00,278.48,297.46
2029-09-09 23:00,269.07,289.4
2029-09-10 00:00,270.28,301.09
2029-09-10 01:00,264.06,302.23
2029-09-10 02:00,257.0,290.52
2029-09-10 03:00,251.75,288.74
2029-09-10 04:00,257.11,292.11
2029-09-10 05:00,255.04,280.83
2029-09-10 06:00,260.73,280.79
2029-09-10 07:00,268.9,309.58
2029-09-10 08:00,273.11,372.69
2029-09-10 09:00,279.38,416.2
2029-09-10 10:00,281.97,440.39
2029-09-10 11:00,282.78,457.65
2029-09-10 12:00,284.06,453.04
2029-09-10 13:00,279.83,448.39
2029-09-10 14:00,283.9,445.85
2029-09-10 15:00,284.67,427.25
2029-09-10 16:00,278.54,389.01
2029-09-10 17:00,270.62,341.17
2029-09-10 18:00,276.65,315.09
2029-09-10 19:00,287.17,315.96
2029-09-10 20:00,284.68,314.73
2029-09-10 21:00,287.17,312.32
2029-09-10 22:00,284.94,308.67
2029-09-10 23:00,283.45,301.05
2029-09-11 00:00,274.16,295.06
2029-09-11 01:00,265.54,292.49
2029-09-11 02:00,257.29,298.52
2029-09-11 03:00,252.93,304.17
2029-09-11 04:00,252.63,298.88
2029-09-11 05:00,253.25,295.07
2029-09-11 06:00,260.6,292.4
2029-09-11 07:00,264.27,318.07
2029-09-11 08:00,270.14,368.72
2029-09-11 09:00,281.72,416.3
2029-09-11 10:00,286.52,447.27
2029-09-11 11:00,284.64,451.83
2029-09-11 12:00,283.67,449.69
2029-09-11 13:00,277.65,440.34
2029-09-11 14:00,281.96,430.01
2029-09-11 15:00,283.18,405.65
2029-09-11 16:00,278.45,377.2
2029-09-11 17:00,271.24,330.14
2029-09-11 18:00,275.58,296.28
2029-09-11 19:00,289.42,295.15
2029-09-11 20:00,287.53,295.87
2029-09-11 21:00,283.7,300.89
2029-09-11 22:00,279.81,295.46
2029-09-11 23:00,274.83,295.8
2029-09-12 00:00,261.64,296.03
2029-09-12 01:00,257.09,291.99
2029-09-12 02:00,252.39,291.03
2029-09-12 03:00,250.79,288.23
2029-09-12 04:00,248.12,289.22
2029-09-12 05:00,246.01,285.24
2029-09-12 06:00,250.67,280.06
2029-09-12 07:00,254.29,307.75
2029-09-12 08:00,259.13,358.56
2029-09-12 09:00,271.77,414.26
2029-09-12 10:00,279.48,444.37
2029-09-12 11:00,280.7,457.01
2029-09-12 12:00,277.43,454.64
2029-09-12 13:00,271.93,433.26
2029-09-12 14:00,271.53,424.06
2029-09-12 15:00,268.78,401.0
2029-09-12 16:00,263.68,365.65
2029-09-12 17:00,260.35,327.83
2029-09-12 18:00,260.56,294.84
2029-09-12 19:00,272.96,300.43
2029-09-12 20:00,273.15,302.23
2029-09-12 21:00,273.6,308.42
2029-09-12 22:00,271.86,303.43
2029-09-12 23:00,264.76,294.71
2029-09-13 00:00,258.46,300.24
2029-09-13 01:00,253.27,299.19
2029-09-13 02:00,250.02,294.86
2029-09-13 03:00,247.89,288.65
2029-09-13 04:00,251.06,288.25
2029-09-13 05:00,255.75,295.49
2029-09-13 06:00,261.54,295.01
2029-09-13 07:00,264.44,323.69
2029-09-13 08:00,268.26,374.04
2029-09-13 09:00,278.4,422.02
2029-09-13 10:00,283.95,449.87
2029-09-13 11:00,279.6,449.45
2029-09-13 12:00,274.56,461.52
2029-09-13 13:00,271.55,455.26
2029-09-13 14:00,272.66,444.52
2029-09-13 15:00,270.27,410.12
2029-09-13 16:00,265.48,367.35
2029-09-13 17:00,262.05,330.04
2029-09-13 18:00,268.23,307.04
2029-09-13 19:00,283.88,305.99
2029-09-13 20:00,280.12,307.09
2029-09-13 21:00,277.48,311.36
2029-09-13 22:00,280.04,315.13
2029-09-13 23:00,275.78,312.15
2029-09-14 00:00,268.55,295.58
2029-09-14 01:00,260.91,298.61
2029-09-14 02:00,256.56,300.79
2029-09-14 03:00,250.68,292.41
2029-09-14 04:00,247.56,287.23
2029-09-14 05:00,248.23,277.98
2029-09-14 06:00,253.83,276.62
2029-09-14 07:00,258.33,304.48
2029-09-14 08:00,259.88,344.16
2029-09-14 09:00,264.72,396.03
2029-09-14 10:00,270.54,423.08
2029-09-14 11:00,273.68,449.22
2029-09-14 12:00,273.62,447.55
2029-09-14 13:00,274.4,454.17
2029-09-14 14:00,278.03,439.92
2029-09-14 15:00,278.56,423.03
2029-09-14 16:00,274.99,380.6
2029-09-14 17:00,270.7,330.78
2029-09-14 18:00,268.16,291.68
2029-09-14 19:00,278.93,292.55
2029-09-14 20:00,278.99,298.83
2029-09-14 21:00,279.65,304.09
2029-09-14 22:00,277.56,307.15
2029-09-14 23:00,273.39,311.0
2029-09-15 00:00,273.46,305.13
2029-09-15 01:00,267.75,301.41
2029-09-15 02:00,259.81,292.52
2029-09-15 03:00,251.12,282.9
2029-09-15 04:00,254.75,278.25
2029-09-15 05:00,254.15,277.1
2029-09-15 06:00,265.84,282.03
2029-09-15 07:00,269.87,306.28
2029-09-15 08:00,273.72,357.43
2029-09-15 09:00,280.43,408.19
2029-09-15 10:00,285.75,451.03
2029-09-15 11:00,284.6,458.07
2029-09-15 12:00,285.73,463.15
2029-09-15 13:00,281.76,467.53
2029-09-15 14:00,281.45,454.93
2029-09-15 15:00,282.05,426.65
2029-09-15 16:00,278.7,380.56
2029-09-15 17:00,276.82,336.01
2029-09-15 18:00,282.95,307.84
2029-09-15 19:00,290.6,314.93
2029-09-15 20:00,285.05,314.48
2029-09-15 21:00,283.19,313.27
2029-09-15 22:00,280.46,317.16
2029-09-15 23:00,277.81,312.26
2029-09-16 00:00,280.42,295.1
2029-09-16 01:00,274.12,284.23
2029-09-16 02:00,268.36,276.56
2029-09-16 03:00,263.97,273.92
2029-09-16 04:00,263.89,281.31
2029-09-16 05:00,266.36,278.5
2029-09-16 06:00,272.25,278.36
2029-09-16 07:00,277.3,310.06
2029-09-16 08:00,280.77,364.05
2029-09-16 09:00,289.77,414.37
2029-09-16 10:00,295.13,437.75
2029-09-16 11:00,296.39,450.94
2029-09-16 12:00,294.7,444.19
2029-09-16 13:00,290.68,445.98
2029-09-16 14:00,293.11,435.28
2029-09-16 15:00,293.09,416.92
2029-09-16 16:00,288.53,370.55
2029-09-16 17:00,283.13,319.47
2029-09-16 18:00,288.25,299.36
2029-09-16 19:00,296.96,298.2
2029-09-16 20:00,293.26,297.1
2029-09-16 21:00,291.67,290.57
2029-09-16 22:00,290.19,291.54
2029-09-16 23:00,286.44,292.99
2029-09-17 00:00,265.68,281.56
2029-09-17 01:00,254.72,273.16
2029-09-17 02:00,248.37,279.26
2029-09-17 03:00,243.11,278.22
2029-09-17 04:00,243.59,274.0
2029-09-17 05:00,248.1,270.35
2029-09-17 06:00,255.85,272.95
2029-09-17 07:00,256.9,293.97
2029-09-17 08:00,259.77,336.29
2029-09-17 09:00,267.48,370.16
2029-09-17 10:00,272.11,410.75
2029-09-17 11:00,278.41,424.96
2029-09-17 12:00,276.08,423.09
2029-09-17 13:00,271.75,408.94
2029-09-17 14:00,275.2,398.72
2029-09-17 15:00,275.07,374.19
2029-09-17 16:00,270.13,341.12
2029-09-17 17:00,263.2,290.53
2029-09-17 18:00,267.18,267.21
2029-09-17 19:00,282.16,277.75
2029-09-17 20:00,275.64,278.94
2029-09-17 21:00,275.59,279.71
2029-09-17 22:00,274.73,274.75
2029-09-17 23:00,271.97,279.71
2029-09-18 00:00,258.52,272.54
2029-09-18 01:00,251.35,271.25
2029-09-18 02:00,244.37,272.88
2029-09-18 03:00,241.88,272.37
2029-09-18 04:00,243.92,279.9
2029-09-18 05:00,243.01,270.45
2029-09-18 06:00,250.93,277.18
2029-09-18 07:00,255.31,310.06
2029-09-18 08:00,256.9,353.37
2029-09-18 09:00,264.46,399.45
2029-09-18 10:00,274.17,438.06
2029-09-18 11:00,268.97,444.75
2029-09-18 12:00,269.0,439.3
2029-09-18 13:00,266.38,438.51
2029-09-18 14:00,270.45,423.46
2029-09-18 15:00,267.21,392.87
2029-09-18 16:00,262.81,342.99
2029-09-18 17:00,258.82,291.48
2029-09-18 18:00,262.14,265.21
2029-09-18 19:00,270.98,263.65
2029-09-18 20:00,261.53,258.38
2029-09-18 21:00,260.66,254.68
2029-09-18 22:00,260.04,261.49
2029-09-18 23:00,261.88,273.79
2029-09-19 00:00,262.93,269.26
2029-09-19 01:00,252.92,262.58
2029-09-19 02:00,245.03,257.2
2029-09-19 03:00,240.95,256.86
2029-09-19 04:00,239.92,255.93
2029-09-19 05:00,241.7,259.61
2029-09-19 06:00,252.62,272.33
2029-09-19 07:00,260.87,300.29
2029-09-19 08:00,266.55,346.37
2029-09-19 09:00,273.53,390.61
2029-09-19 10:00,272.75,421.08
2029-09-19 11:00,273.21,430.97
2029-09-19 12:00,271.44,424.93
2029-09-19 13:00,265.77,426.95
2029-09-19 14:00,269.3,409.47
2029-09-19 15:00,269.6,382.69
2029-09-19 16:00,265.71,347.06
2029-09-19 17:00,259.04,304.92
2029-09-19 18:00,265.63,280.07
2029-09-19 19:00,273.14,285.13
2029-09-19 20:00,269.87,272.6
2029-09-19 21:00,270.88,281.19
2029-09-19 22:00,270.93,285.43
2029-09-19 23:00,265.1,279.95
2029-09-20 00:00,250.27,269.89
2029-09-20 01:00,247.18,269.45
2029-09-20 02:00,243.8,279.57
2029-09-20 03:00,239.74,268.13
2029-09-20 04:00,240.4,266.91
2029-09-20 05:00,243.12,265.7
2029-09-20 06:00,249.95,262.51
2029-09-20 07:00,255.24,292.27
2029-09-20 08:00,255.91,343.39
2029-09-20 09:00,263.9,390.37
2029-09-20 10:00,270.67,410.85
2029-09-20 11:00,271.73,420.7
2029-09-20 12:00,277.74,441.37
2029-09-20 13:00,271.83,436.3
2029-09-20 14:00,272.18,412.86
2029-09-20 15:00,273.1,385.35
2029-09-20 16:00,265.94,350.34
2029-09-20 17:00,256.93,295.76
2029-09-20 18:00,263.57,273.32
2029-09-20 19:00,270.59,261.43
2029-09-20 20:00,267.1,267.75
2029-09-20 21:00,264.87,266.38
2029-09-20 22:00,262.76,274.61
2029-09-20 23:00,260.74,276.82
2029-09-21 00:00,263.64,280.35
2029-09-21 01:00,255.71,281.3
2029-09-21 02:00,252.69,280.45
2029-09-21 03:00,245.79,274.79
2029-09-21 04:00,245.91,273.97
2029-09-21 05:00,244.32,261.29
2029-09-21 06:00,253.48,265.14
2029-09-21 07:00,257.29,293.78
2029-09-21 08:00,262.67,346.17
2029-09-21 09:00,272.39,388.13
2029-09-21 10:00,275.09,412.31
2029-09-21 11:00,276.34,433.71
2029-09-21 12:00,274.96,441.62
2029-09-21 13:00,272.03,442.07
2029-09-21 14:00,273.53,430.44
2029-09-21 15:00,272.51,402.0
2029-09-21 16:00,268.46,360.24
2029-09-21 17:00,264.25,315.35
2029-09-21 18:00,272.56,285.42
2029-09-21 19:00,281.45,281.81
2029-09-21 20:00,275.72,277.18
2029-09-21 21:00,274.47,271.04
2029-09-21 22:00,272.71,274.32
2029-09-21 23:00,266.58,264.12
2029-09-22 00:00,267.54,271.63
2029-09-22 01:00,259.91,269.4
2029-09-22 02:00,251.44,264.14
2029-09-22 03:00,246.28,263.89
2029-09-22 04:00,248.59,268.95
2029-09-22 05:00,253.76,268.3
2029-09-22 06:00,258.8,281.7
2029-09-22 07:00,260.15,308.84
2029-09-22 08:00,266.41,364.38
2029-09-22 09:00,278.02,408.45
2029-09-22 10:00,282.87,435.55
2029-09-22 11:00,282.25,439.74
2029-09-22 12:00,285.34,442.82
2029-09-22 13:00,281.16,440.41
2029-09-22 14:00,285.06,425.71
2029-09-22 15:00,282.94,400.03
2029-09-22 16:00,272.47,343.44
2029-09-22 17:00,269.92,305.86
2029-09-22 18:00,276.5,277.5
2029-09-22 19:00,278.78,285.96
2029-09-22 20:00,275.04,279.26
2029-09-22 21:00,269.09,281.08
2029-09-22 22:00,272.96,291.68
2029-09-22 23:00,268.41,283.26
2029-09-23 00:00,253.8,283.38
2029-09-23 01:00,247.35,286.93
2029-09-23 02:00,243.48,283.86
2029-09-23 03:00,238.4,278.47
2029-09-23 04:00,239.32,280.91
2029-09-23 05:00,242.52,286.02
2029-09-23 06:00,245.36,283.75
2029-09-23 07:00,250.64,309.8
2029-09-23 08:00,250.76,354.89
2029-09-23 09:00,261.78,405.22
2029-09-23 10:00,269.35,432.1
2029-09-23 11:00,265.6,444.1
2029-09-23 12:00,264.85,441.83
2029-09-23 13:00,266.92,440.39
2029-09-23 14:00,271.46,434.51
2029-09-23 15:00,270.31,403.37
2029-09-23 16:00,268.3,363.5
2029-09-23 17:00,266.77,320.32
2029-09-23 18:00,273.02,302.31
2029-09-23 19:00,280.47,291.56
2029-09-23 20:00,276.33,285.17
2029-09-23 21:00,277.01,285.02
2029-09-23 22:00,271.82,295.18
2029-09-23 23:00,273.72,302.1
2029-09-24 00:00,265.65,290.09
2029-09-24 01:00,260.02,283.55
2029-09-24 02:00,253.81,289.44
2029-09-24 03:00,249.09,281.28
2029-09-24 04:00,248.89,283.28
2029-09-24 05:00,250.95,283.84
2029-09-24 06:00,255.82,283.47
2029-09-24 07:00,261.94,307.44
2029-09-24 08:00,264.99,346.59
2029-09-24 09:00,270.29,392.93
2029-09-24 10:00,271.88,420.67
2029-09-24 11:00,272.61,425.9
2029-09-24 12:00,272.56,432.53
2029-09-24 13:00,268.43,431.34
2029-09-24 14:00,272.12,423.34
2029-09-24 15:00,270.83,400.81
2029-09-24 16:00,263.64,349.53
2029-09-24 17:00,265.04,318.96
2029-09-24 18:00,269.71,290.73
2029-09-24 19:00,274.56,281.45
2029-09-24 20:00,267.54,275.12
2029-09-24 21:00,266.58,281.85
2029-09-24 22:00,263.11,273.91
2029-09-24 23:00,259.5,272.08
2029-09-25 00:00,249.76,263.41
2029-09-25 01:00,246.58,270.31
2029-09-25 02:00,240.98,269.53
2029-09-25 03:00,238.47,269.68
2029-09-25 04:00,239.04,259.53
2029-09-25 05:00,242.71,259.6
2029-09-25 06:00,247.93,267.67
2029-09-25 07:00,251.05,282.26
2029-09-25 08:00,259.74,344.39
2029-09-25 09:00,268.04,392.88
2029-09-25 10:00,271.49,425.65
2029-09-25 11:00,275.19,449.23
2029-09-25 12:00,275.82,446.49
2029-09-25 13:00,271.28,439.52
2029-09-25 14:00,272.73,422.32
2029-09-25 15:00,271.58,392.79
2029-09-25 16:00,265.01,346.16
2029-09-25 17:00,260.6,299.71
2029-09-25 18:00,264.48,285.44
2029-09-25 19:00,270.65,290.76
2029-09-25 20:00,267.21,294.87
2029-09-25 21:00,264.37,286.53
2029-09-25 22:00,257.15,271.15
2029-09-25 23:00,257.1,272.53
2029-09-26 00:00,248.91,264.31
2029-09-26 01:00,243.98,272.37
2029-09-26 02:00,236.24,268.16
2029-09-26 03:00,231.59,262.29
2029-09-26 04:00,234.27,262.87
2029-09-26 05:00,238.58,262.83
2029-09-26 06:00,246.05,262.46
2029-09-26 07:00,251.96,282.99
2029-09-26 08:00,253.11,333.56
2029-09-26 09:00,261.82,385.62
2029-09-26 10:00,269.78,426.4
2029-09-26 11:00,273.61,432.49
2029-09-26 12:00,272.16,434.81
2029-09-26 13:00,267.37,425.51
2029-09-26 14:00,272.44,413.97
2029-09-26 15:00,272.11,392.18
2029-09-26 16:00,269.09,358.33
2029-09-26 17:00,264.08,305.77
2029-09-26 18:00,267.67,278.09
2029-09-26 19:00,275.46,265.29
2029-09-26 20:00,271.88,270.19
2029-09-26 21:00,272.18,269.01
2029-09-26 22:00,270.56,274.42
2029-09-26 23:00,264.5,263.86
2029-09-27 00:00,263.01,266.02
2029-09-27 01:00,258.81,272.54
2029-09-27 02:00,253.31,266.05
2029-09-27 03:00,246.38,256.17
2029-09-27 04:00,245.22,258.62
2029-09-27 05:00,247.85,260.61
2029-09-27 06:00,259.62,271.23
2029-09-27 07:00,268.11,295.03
2029-09-27 08:00,269.78,341.53
2029-09-27 09:00,276.71,393.38
2029-09-27 10:00,280.36,415.29
2029-09-27 11:00,279.39,426.87
2029-09-27 12:00,276.03,424.31
2029-09-27 13:00,267.34,413.49
2029-09-27 14:00,264.89,397.71
2029-09-27 15:00,266.84,371.3
2029-09-27 16:00,263.33,323.96
2029-09-27 17:00,262.2,282.12
2029-09-27 18:00,269.63,271.15
2029-09-27 19:00,269.52,261.38
2029-09-27 20:00,265.48,266.53
2029-09-27 21:00,263.11,264.08
2029-09-27 22:00,260.88,259.17
2029-09-27 23:00,257.77,253.2
2029-09-28 00:00,255.93,258.6
2029-09-28 01:00,249.38,260.56
2029-09-28 02:00,245.51,262.63
2029-09-28 03:00,241.18,259.07
2029-09-28 04:00,240.41,255.09
2029-09-28 05:00,241.08,249.5
2029-09-28 06:00,249.81,251.88
2029-09-28 07:00,254.2,275.28
2029-09-28 08:00,258.16,320.08
2029-09-28 09:00,268.96,374.88
2029-09-28 10:00,276.21,415.07
2029-09-28 11:00,276.68,429.84
2029-09-28 12:00,275.43,427.64
2029-09-28 13:00,270.35,420.25
2029-09-28 14:00,273.37,404.62
2029-09-28 15:00,273.74,372.65
2029-09-28 16:00,267.55,340.82
2029-09-28 17:00,264.03,293.84
2029-09-28 18:00,269.86,278.79
2029-09-28 19:00,279.05,276.47
2029-09-28 20:00,275.08,271.64
2029-09-28 21:00,272.99,271.89
2029-09-28 22:00,270.18,275.34
2029-09-28 23:00,263.47,261.8
2029-09-29 00:00,255.12,263.95
2029-09-29 01:00,251.38,260.83
2029-09-29 02:00,245.14,260.88
2029-09-29 03:00,239.53,258.27
2029-09-29 04:00,242.53,259.87
2029-09-29 05:00,244.83,251.96
2029-09-29 06:00,253.7,257.61
2029-09-29 07:00,258.61,288.29
2029-09-29 08:00,264.06,337.52
2029-09-29 09:00,273.32,393.45
2029-09-29 10:00,278.93,440.16
2029-09-29 11:00,276.18,445.35
2029-09-29 12:00,278.15,438.09
2029-09-29 13:00,276.0,434.48
2029-09-29 14:00,273.71,418.36
2029-09-29 15:00,278.05,390.83
2029-09-29 16:00,274.21,347.52
2029-09-29 17:00,269.48,301.87
2029-09-29 18:00,279.46,290.18
2029-09-29 19:00,284.32,294.4
2029-09-29 20:00,280.44,294.35
2029-09-29 21:00,278.26,282.76
2029-09-29 22:00,272.4,270.94
2029-09-29 23:00,266.15,263.61
2029-09-30 00:00,261.45,254.18
2029-09-30 01:00,252.66,252.69
2029-09-30 02:00,246.99,256.68
2029-09-30 03:00,246.13,253.8
2029-09-30 04:00,247.47,261.32
2029-09-30 05:00,251.29,254.34
2029-09-30 06:00,258.25,251.85
2029-09-30 07:00,260.8,274.81
2029-09-30 08:00,264.55,326.73
2029-09-30 09:00,275.04,385.92
2029-09-30 10:00,282.2,424.27
2029-09-30 11:00,283.73,441.13
2029-09-30 12:00,284.31,429.49
2029-09-30 13:00,275.46,424.35
2029-09-30 14:00,277.0,415.51
2029-09-30 15:00,276.52,390.67
2029-09-30 16:00,272.05,347.86
2029-09-30 17:00,271.44,306.46
2029-09-30 18:00,277.21,284.98
2029-09-30 19:00,286.02,285.73
2029-09-30 20:00,280.25,282.3
2029-09-30 21:00,276.21,286.84
2029-09-30 22:00,270.81,284.11
2029-09-30 23:00,271.78,279.78
2029-10-01 00:00,265.2,270.37
2029-10-01 01:00,257.67,267.09
2029-10-01 02:00,251.22,263.15
2029-10-01 03:00,249.92,254.89
2029-10-01 04:00,251.14,255.33
2029-10-01 05:00,253.22,244.14
2029-10-01 06:00,259.84,249.78
2029-10-01 07:00,264.37,280.48
2029-10-01 08:00,269.58,339.46
2029-10-01 09:00,279.78,391.25
2029-10-01 10:00,284.53,418.46
2029-10-01 11:00,284.94,428.52
2029-10-01 12:00,284.02,433.84
2029-10-01 13:00,283.69,428.56
2029-10-01 14:00,288.23,426.69
2029-10-01 15:00,289.56,398.93
2029-10-01 16:00,285.91,359.74
2029-10-01 17:00,283.36,307.95
2029-10-01 18:00,290.75,282.6
2029-10-01 19:00,294.98,279.78
2029-10-01 20:00,285.98,281.7
2029-10-01 21:00,279.49,275.21
2029-10-01 22:00,278.25,270.54
2029-10-01 23:00,273.31,263.93
2029-10-02 00:00,272.89,279.89
2029-10-02 01:00,267.3,284.47
2029-10-02 02:00,260.38,272.24
2029-10-02 03:00,253.35,262.58
2029-10-02 04:00,252.34,272.86
2029-10-02 05:00,256.59,276.27
2029-10-02 06:00,263.11,267.42
2029-10-02 07:00,267.96,295.3
2029-10-02 08:00,268.02,340.59
2029-10-02 09:00,276.16,388.57
2029-10-02 10:00,282.24,420.14
2029-10-02 11:00,283.25,430.27
2029-10-02 12:00,280.26,430.99
2029-10-02 13:00,276.4,426.68
2029-10-02 14:00,281.58,411.81
2029-10-02 15:00,282.7,383.92
2029-10-02 16:00,276.62,339.49
2029-10-02 17:00,276.62,300.04
2029-10-02 18:00,287.82,287.45
2029-10-02 19:00,292.06,297.73
2029-10-02 20:00,287.25,299.16
2029-10-02 21:00,283.61,296.49
2029-10-02 22:00,281.15,290.71
2029-10-02 23:00,278.89,289.1
2029-10-03 00:00,263.25,266.4
2029-10-03 01:00,254.5,262.63
2029-10-03 02:00,254.72,263.31
2029-10-03 03:00,250.21,265.56
2029-10-03 04:00,247.33,254.02
2029-10-03 05:00,254.28,255.34
2029-10-03 06:00,263.58,261.69
2029-10-03 07:00,266.74,281.4
2029-10-03 08:00,269.5,324.39
2029-10-03 09:00,279.28,382.92
2029-10-03 10:00,285.96,411.65
2029-10-03 11:00,284.7,426.68
2029-10-03 12:00,282.3,434.81
2029-10-03 13:00,281.72,430.88
2029-10-03 14:00,284.42,407.85
2029-10-03 15:00,287.6,377.32
2029-10-03 16:00,281.58,348.79
2029-10-03 17:00,280.84,299.62
2029-10-03 18:00,291.0,287.82
2029-10-03 19:00,295.03,294.16
2029-10-03 20:00,287.23,283.71
2029-10-03 21:00,284.76,281.26
2029-10-03 22:00,281.37,282.98
2029-10-03 23:00,276.7,277.65
2029-10-04 00:00,264.52,266.39
2029-10-04 01:00,256.72,271.99
2029-10-04 02:00,251.3,263.99
2029-10-04 03:00,245.39,258.14
2029-10-04 04:00,243.17,261.36
2029-10-04 05:00,245.88,254.33
2029-10-04 06:00,255.24,261.12
2029-10-04 07:00,266.03,286.55
2029-10-04 08:00,270.28,339.01
2029-10-04 09:00,275.41,377.85
2029-10-04 10:00,282.34,414.98
2029-10-04 11:00,282.31,431.81
2029-10-04 12:00,281.47,434.42
2029-10-04 13:00,278.42,418.39
2029-10-04 14:00,280.29,401.49
2029-10-04 15:00,278.14,364.53
2029-10-04 16:00,269.03,320.19
2029-10-04 17:00,264.76,268.92
2029-10-04 18:00,273.05,245.7
2029-10-04 19:00,276.56,243.54
2029-10-04 20:00,269.66,253.19
2029-10-04 21:00,267.88,258.19
2029-10-04 22:00,266.3,258.28
2029-10-04 23:00,263.69,260.33
2029-10-05 00:00,266.77,273.14
2029-10-05 01:00,262.14,269.42
2029-10-05 02:00,258.37,271.51
2029-10-05 03:00,251.89,264.97
2029-10-05 04:00,252.64,270.45
2029-10-05 05:00,254.09,270.01
2029-10-05 06:00,263.76,280.53
2029-10-05 07:00,269.11,308.2
2029-10-05 08:00,270.49,361.48
2029-10-05 09:00,282.42,412.46
2029-10-05 10:00,288.56,445.73
2029-10-05 11:00,286.07,456.62
2029-10-05 12:00,285.07,457.01
2029-10-05 13:00,282.39,436.2
2029-10-05 14:00,281.26,422.41
2029-10-05 15:00,282.9,398.66
2029-10-05 16:00,281.5,356.9
2029-10-05 17:00,278.65,310.77
2029-10-05 18:00,285.0,291.83
2029-10-05 19:00,286.36,291.62
2029-10-05 20:00,281.39,283.18
2029-10-05 21:00,276.88,286.37
2029-10-05 22:00,272.42,286.62
2029-10-05 23:00,265.86,278.37
2029-10-06 00:00,258.23,276.31
2029-10-06 01:00,250.76,263.51
2029-10-06 02:00,247.18,262.05
2029-10-06 03:00,244.13,272.05
2029-10-06 04:00,247.13,278.88
2029-10-06 05:00,251.63,278.33
2029-10-06 06:00,258.43,273.67
2029-10-06 07:00,261.45,296.24
2029-10-06 08:00,265.33,345.47
2029-10-06 09:00,273.68,392.43
2029-10-06 10:00,273.62,414.64
2029-10-06 11:00,273.88,433.16
2029-10-06 12:00,271.15,421.53
2029-10-06 13:00,269.28,410.82
2029-10-06 14:00,272.55,400.19
2029-10-06 15:00,273.66,370.14
2029-10-06 16:00,274.71,332.07
2029-10-06 17:00,274.09,293.49
2029-10-06 18:00,285.8,270.85
2029-10-06 19:00,292.72,286.11
2029-10-06 20:00,283.22,291.19
2029-10-06 21:00,280.69,299.52
2029-10-06 22:00,279.18,294.1
2029-10-06 23:00,275.64,294.28
2029-10-07 00:00,268.21,296.2
2029-10-07 01:00,264.94,297.54
2029-10-07 02:00,250.52,286.06
2029-10-07 03:00,247.52,281.48
2029-10-07 04:00,247.16,283.71
2029-10-07 05:00,251.8,287.17
2029-10-07 06:00,263.61,294.93
2029-10-07 07:00,266.21,316.83
2029-10-07 08:00,266.73,362.77
2029-10-07 09:00,272.37,407.34
2029-10-07 10:00,279.2,440.46
2029-10-07 11:00,281.78,452.87
2029-10-07 12:00,279.44,454.32
2029-10-07 13:00,275.4,450.23
2029-10-07 14:00,275.92,427.06
2029-10-07 15:00,275.52,401.41
2029-10-07 16:00,275.09,360.79
2029-10-07 17:00,270.54,310.14
2029-10-07 18:00,278.59,287.06
2029-10-07 19:00,279.26,282.19
2029-10-07 20:00,269.05,284.43
2029-10-07 21:00,264.06,274.52
2029-10-07 22:00,263.62,277.81
2029-10-07 23:00,261.8,272.28
2029-10-08 00:00,254.13,254.62
2029-10-08 01:00,243.27,243.32
2029-10-08 02:00,239.83,249.69
2029-10-08 03:00,233.56,252.11
2029-10-08 04:00,233.29,253.56
2029-10-08 05:00,237.96,251.25
2029-10-08 06:00,244.24,254.81
2029-10-08 07:00,253.39,273.26
2029-10-08 08:00,255.6,322.82
2029-10-08 09:00,265.11,359.43
2029-10-08 10:00,268.09,398.46
2029-10-08 11:00,269.42,405.83
2029-10-08 12:00,268.05,406.06
2029-10-08 13:00,265.56,401.37
2029-10-08 14:00,267.36,384.75
2029-10-08 15:00,266.85,359.53
2029-10-08 16:00,264.68,320.89
2029-10-08 17:00,265.84,270.79
2029-10-08 18:00,277.84,262.74
2029-10-08 19:00,282.17,258.15
2029-10-08 20:00,273.2,248.44
2029-10-08 21:00,271.16,241.27
2029-10-08 22:00,268.11,244.8
2029-10-08 23:00,263.24,245.45
2029-10-09 00:00,256.24,245.69
2029-10-09 01:00,248.18,240.51
2029-10-09 02:00,238.82,232.61
2029-10-09 03:00,235.74,237.89
2029-10-09 04:00,236.38,243.39
2029-10-09 05:00,242.27,241.99
2029-10-09 06:00,247.27,245.43
2029-10-09 07:00,252.3,279.09
2029-10-09 08:00,255.83,327.39
2029-10-09 09:00,263.92,385.38
2029-10-09 10:00,265.27,417.83
2029-10-09 11:00,264.17,427.87
2029-10-09 12:00,263.39,422.82
2029-10-09 13:00,260.39,403.39
2029-10-09 14:00,261.09,382.83
2029-10-09 15:00,261.29,349.55
2029-10-09 16:00,253.66,303.54
2029-10-09 17:00,251.64,258.62
2029-10-09 18:00,262.12,244.77
2029-10-09 19:00,265.9,242.84
2029-10-09 20:00,259.29,242.78
2029-10-09 21:00,256.22,239.91
2029-10-09 22:00,256.29,240.6
2029-10-09 23:00,253.28,237.41
2029-10-10 00:00,245.62,235.96
2029-10-10 01:00,241.59,235.54
2029-10-10 02:00,236.53,228.96
2029-10-10 03:00,231.7,230.18
2029-10-10 04:00,228.54,234.0
2029-10-10 05:00,231.62,232.19
2029-10-10 06:00,243.07,240.56
2029-10-10 07:00,244.96,250.63
2029-10-10 08:00,251.72,307.32
2029-10-10 09:00,261.13,358.41
2029-10-10 10:00,268.73,398.53
2029-10-10 11:00,273.03,411.86
2029-10-10 12:00,272.29,411.09
2029-10-10 13:00,266.23,407.5
2029-10-10 14:00,269.67,396.09
2029-10-10 15:00,269.4,361.01
2029-10-10 16:00,268.57,320.81
2029-10-10 17:00,274.85,270.73
2029-10-10 18:00,278.34,258.44
2029-10-10 19:00,280.4,254.92
2029-10-10 20:00,271.63,253.36
2029-10-10 21:00,268.77,256.28
2029-10-10 22:00,264.69,252.88
2029-10-10 23:00,260.66,249.75
2029-10-11 00:00,257.19,242.13
2029-10-11 01:00,252.04,254.82
2029-10-11 02:00,242.41,246.24
2029-10-11 03:00,235.76,240.75
2029-10-11 04:00,236.24,228.59
2029-10-11 05:00,240.95,232.05
2029-10-11 06:00,245.97,224.78
2029-10-11 07:00,251.12,248.14
2029-10-11 08:00,245.27,287.84
2029-10-11 09:00,256.87,345.63
2029-10-11 10:00,263.82,382.22
2029-10-11 11:00,265.56,402.66
2029-10-11 12:00,266.81,411.81
2029-10-11 13:00,266.02,399.05
2029-10-11 14:00,275.23,381.42
2029-10-11 15:00,273.61,349.17
2029-10-11 16:00,274.32,320.26
2029-10-11 17:00,272.55,271.23
2029-10-11 18:00,280.33,261.74
2029-10-11 19:00,281.26,262.11
2029-10-11 20:00,272.79,260.54
2029-10-11 21:00,267.1,257.1
2029-10-11 22:00,265.15,257.96
2029-10-11 23:00,260.08,266.88
2029-10-12 00:00,249.33,264.48
2029-10-12 01:00,244.07,264.4
2029-10-12 02:00,237.68,254.95
2029-10-12 03:00,234.98,253.51
2029-10-12 04:00,235.3,247.94
2029-10-12 05:00,241.43,247.28
2029-10-12 06:00,248.92,256.29
2029-10-12 07:00,256.29,290.32
2029-10-12 08:00,261.38,333.45
2029-10-12 09:00,266.74,374.44
2029-10-12 10:00,272.78,391.19
2029-10-12 11:00,273.99,409.74
2029-10-12 12:00,273.35,409.02
2029-10-12 13:00,271.15,404.56
2029-10-12 14:00,271.58,391.8
2029-10-12 15:00,271.78,360.55
2029-10-12 16:00,272.88,317.34
2029-10-12 17:00,273.46,272.06
2029-10-12 18:00,282.47,257.57
2029-10-12 19:00,282.38,255.5
2029-10-12 20:00,278.42,257.56
2029-10-12 21:00,273.42,250.5
2029-10-12 22:00,267.72,249.61
2029-10-12 23:00,265.08,254.17
2029-10-13 00:00,257.25,237.01
2029-10-13 01:00,249.55,235.59
2029-10-13 02:00,243.9,235.95
2029-10-13 03:00,243.35,239.03
2029-10-13 04:00,243.93,241.66
2029-10-13 05:00,249.82,237.85
2029-10-13 06:00,258.59,245.71
2029-10-13 07:00,264.98,268.82
2029-10-13 08:00,263.76,316.59
2029-10-13 09:00,267.91,354.91
2029-10-13 10:00,273.01,386.72
2029-10-13 11:00,274.71,397.73
2029-10-13 12:00,273.95,405.3
2029-10-13 13:00,264.11,398.13
2029-10-13 14:00,266.06,379.06
2029-10-13 15:00,270.16,344.18
2029-10-13 16:00,269.79,313.59
2029-10-13 17:00,271.82,272.19
2029-10-13 18:00,285.27,262.59
2029-10-13 19:00,289.58,258.59
2029-10-13 20:00,281.14,252.86
2029-10-13 21:00,274.41,248.01
2029-10-13 22:00,270.33,242.35
2029-10-13 23:00,266.99,236.07
2029-10-14 00:00,258.55,247.75
2029-10-14 01:00,249.98,249.34
2029-10-14 02:00,240.11,241.53
2029-10-14 03:00,233.89,232.84
2029-10-14 04:00,231.62,228.77
2029-10-14 05:00,234.47,229.01
2029-10-14 06:00,244.58,240.17
2029-10-14 07:00,249.6,269.2
2029-10-14 08:00,257.1,316.87
2029-10-14 09:00,265.25,362.65
2029-10-14 10:00,274.6,396.71
2029-10-14 11:00,277.73,400.16
2029-10-14 12:00,275.94,399.49
2029-10-14 13:00,268.95,388.82
2029-10-14 14:00,271.95,371.79
2029-10-14 15:00,273.31,340.84
2029-10-14 16:00,272.84,301.79
2029-10-14 17:00,274.52,260.26
2029-10-14 18:00,284.1,245.63
2029-10-14 19:00,284.44,245.83
2029-10-14 20:00,277.52,247.89
2029-10-14 21:00,274.62,256.9
2029-10-14 22:00,267.42,252.84
2029-10-14 23:00,260.43,254.94
2029-10-15 00:00,255.29,270.05
2029-10-15 01:00,247.35,260.54
2029-10-15 02:00,245.37,247.01
2029-10-15 03:00,238.9,245.77
2029-10-15 04:00,241.21,257.76
2029-10-15 05:00,246.93,259.42
2029-10-15 06:00,254.36,264.89
2029-10-15 07:00,260.34,287.37
2029-10-15 08:00,261.67,324.87
2029-10-15 09:00,267.13,372.39
2029-10-15 10:00,275.03,404.33
2029-10-15 11:00,276.86,421.46
2029-10-15 12:00,274.48,415.47
2029-10-15 13:00,265.85,411.19
2029-10-15 14:00,267.1,385.84
2029-10-15 15:00,266.06,348.19
2029-10-15 16:00,260.78,296.63
2029-10-15 17:00,262.67,251.74
2029-10-15 18:00,274.05,234.46
2029-10-15 19:00,276.72,240.7
2029-10-15 20:00,269.1,234.2
2029-10-15 21:00,262.98,231.6
2029-10-15 22:00,259.05,238.15
2029-10-15 23:00,254.77,233.89
2029-10-16 00:00,252.76,238.43
2029-10-16 01:00,246.08,244.18
2029-10-16 02:00,242.18,250.5
2029-10-16 03:00,242.5,256.12
2029-10-16 04:00,244.6,261.59
2029-10-16 05:00,250.21,264.48
2029-10-16 06:00,259.83,273.17
2029-10-16 07:00,265.61,301.52
2029-10-16 08:00,269.07,347.59
2029-10-16 09:00,278.03,396.81
2029-10-16 10:00,282.16,419.92
2029-10-16 11:00,281.9,428.51
2029-10-16 12:00,277.22,432.09
2029-10-16 13:00,273.63,421.87
2029-10-16 14:00,278.81,402.38
2029-10-16 15:00,280.42,373.76
2029-10-16 16:00,278.53,327.04
2029-10-16 17:00,276.86,277.3
2029-10-16 18:00,287.88,273.84
2029-10-16 19:00,287.81,271.8
2029-10-16 20:00,274.52,259.35
2029-10-16 21:00,270.35,258.56
2029-10-16 22:00,266.22,244.58
2029-10-16 23:00,265.86,256.14
2029-10-17 00:00,258.38,266.35
2029-10-17 01:00,250.85,254.42
2029-10-17 02:00,246.42,253.39
2029-10-17 03:00,241.47,250.32
2029-10-17 04:00,242.24,256.21
2029-10-17 05:00,245.19,264.51
2029-10-17 06:00,254.43,269.88
2029-10-17 07:00,260.4,299.5
2029-10-17 08:00,264.31,344.69
2029-10-17 09:00,274.42,390.18
2029-10-17 10:00,280.75,416.8
2029-10-17 11:00,282.64,437.35
2029-10-17 12:00,280.38,425.31
2029-10-17 13:00,272.42,405.33
2029-10-17 14:00,273.24,397.27
2029-10-17 15:00,274.01,363.39
2029-10-17 16:00,267.46,323.8
2029-10-17 17:00,266.39,277.68
2029-10-17 18:00,274.36,273.73
2029-10-17 19:00,273.6,277.14
2029-10-17 20:00,261.93,270.39
2029-10-17 21:00,257.13,263.99
2029-10-17 22:00,255.0,261.09
2029-10-17 23:00,254.17,257.09
2029-10-18 00:00,247.73,245.38
2029-10-18 01:00,240.92,253.1
2029-10-18 02:00,240.05,258.18
2029-10-18 03:00,239.42,258.37
2029-10-18 04:00,238.6,254.09
2029-10-18 05:00,242.03,248.51
2029-10-18 06:00,250.5,241.03
2029-10-18 07:00,254.37,261.47
2029-10-18 08:00,254.53,308.04
2029-10-18 09:00,264.4,358.36
2029-10-18 10:00,268.22,395.16
2029-10-18 11:00,270.21,415.16
2029-10-18 12:00,267.98,416.74
2029-10-18 13:00,266.68,411.58
2029-10-18 14:00,269.33,392.85
2029-10-18 15:00,273.14,367.41
2029-10-18 16:00,270.65,323.81
2029-10-18 17:00,271.15,284.07
2029-10-18 18:00,280.6,273.91
2029-10-18 19:00,281.47,270.48
2029-10-18 20:00,271.89,261.21
2029-10-18 21:00,264.83,260.81
2029-10-18 22:00,262.94,267.99
2029-10-18 23:00,258.13,262.2
2029-10-19 00:00,255.54,260.71
2029-10-19 01:00,252.31,266.83
2029-10-19 02:00,243.4,269.01
2029-10-19 03:00,244.56,278.19
2029-10-19 04:00,244.45,272.98
2029-10-19 05:00,246.32,271.54
2029-10-19 06:00,255.09,272.12
2029-10-19 07:00,259.75,293.54
2029-10-19 08:00,264.41,349.64
2029-10-19 09:00,274.53,400.96
2029-10-19 10:00,280.6,429.44
2029-10-19 11:00,281.48,444.86
2029-10-19 12:00,282.33,444.56
2029-10-19 13:00,276.62,434.82
2029-10-19 14:00,279.66,425.0
2029-10-19 15:00,280.01,391.82
2029-10-19 16:00,277.5,352.25
2029-10-19 17:00,276.11,308.52
2029-10-19 18:00,280.99,292.75
2029-10-19 19:00,274.98,285.77
2029-10-19 20:00,265.79,279.86
2029-10-19 21:00,261.53,277.03
2029-10-19 22:00,258.35,276.44
2029-10-19 23:00,253.3,264.39
2029-10-20 00:00,246.16,263.46
2029-10-20 01:00,238.07,261.21
2029-10-20 02:00,233.04,250.48
2029-10-20 03:00,232.03,254.96
2029-10-20 04:00,231.94,258.15
2029-10-20 05:00,239.3,257.87
2029-10-20 06:00,248.83,270.57
2029-10-20 07:00,255.09,294.02
2029-10-20 08:00,255.84,320.67
2029-10-20 09:00,263.95,361.1
2029-10-20 10:00,271.01,392.32
2029-10-20 11:00,272.1,411.06
2029-10-20 12:00,269.97,410.43
2029-10-20 13:00,265.18,396.45
2029-10-20 14:00,264.7,382.5
2029-10-20 15:00,260.49,349.37
2029-10-20 16:00,259.15,311.15
2029-10-20 17:00,257.07,268.53
2029-10-20 18:00,265.89,263.48
2029-10-20 19:00,265.31,263.17
2029-10-20 20:00,254.12,256.51
2029-10-20 21:00,249.16,250.78
2029-10-20 22:00,246.41,241.74
2029-10-20 23:00,241.0,240.35
2029-10-21 00:00,229.93,235.13
2029-10-21 01:00,229.67,239.76
2029-10-21 02:00,225.17,233.17
2029-10-21 03:00,220.67,236.8
2029-10-21 04:00,222.97,245.17
2029-10-21 05:00,227.47,239.4
2029-10-21 06:00,236.04,244.45
2029-10-21 07:00,245.5,265.29
2029-10-21 08:00,250.41,305.22
2029-10-21 09:00,258.69,361.69
2029-10-21 10:00,265.65,401.39
2029-10-21 11:00,265.97,414.65
2029-10-21 12:00,263.12,408.11
2029-10-21 13:00,257.02,393.61
2029-10-21 14:00,258.88,378.82
2029-10-21 15:00,260.75,349.26
2029-10-21 16:00,255.75,305.03
2029-10-21 17:00,257.85,265.75
2029-10-21 18:00,270.15,258.73
2029-10-21 19:00,266.58,257.99
2029-10-21 20:00,256.23,253.31
2029-10-21 21:00,252.61,244.33
2029-10-21 22:00,250.41,243.0
2029-10-21 23:00,243.05,232.72
2029-10-22 00:00,236.78,223.26
2029-10-22 01:00,232.74,223.09
2029-10-22 02:00,227.67,225.04
2029-10-22 03:00,222.38,224.97
2029-10-22 04:00,219.08,211.88
2029-10-22 05:00,227.75,209.81
2029-10-22 06:00,241.51,224.54
2029-10-22 07:00,252.32,249.47
2029-10-22 08:00,258.56,309.35
2029-10-22 09:00,264.48,346.95
2029-10-22 10:00,269.42,383.73
2029-10-22 11:00,265.13,395.04
2029-10-22 12:00,264.66,406.73
2029-10-22 13:00,259.08,394.38
2029-10-22 14:00,261.79,379.28
2029-10-22 15:00,264.15,345.54
2029-10-22 16:00,259.37,292.73
2029-10-22 17:00,259.38,247.74
2029-10-22 18:00,268.3,247.01
2029-10-22 19:00,264.96,240.12
2029-10-22 20:00,253.71,229.36
2029-10-22 21:00,251.35,232.14
2029-10-22 22:00,243.68,233.77
2029-10-22 23:00,241.33,232.5
2029-10-23 00:00,229.38,218.7
2029-10-23 01:00,222.94,206.2
2029-10-23 02:00,217.84,203.46
2029-10-23 03:00,215.98,206.72
2029-10-23 04:00,218.28,211.7
2029-10-23 05:00,225.66,214.44
2029-10-23 06:00,236.11,224.16
2029-10-23 07:00,239.04,247.62
2029-10-23 08:00,245.44,283.2
2029-10-23 09:00,251.05,329.54
2029-10-23 10:00,257.88,362.46
2029-10-23 11:00,256.24,379.56
2029-10-23 12:00,255.47,377.01
2029-10-23 13:00,253.51,375.77
2029-10-23 14:00,258.05,356.85
2029-10-23 15:00,258.14,323.35
2029-10-23 16:00,259.09,287.15
2029-10-23 17:00,253.51,247.92
2029-10-23 18:00,262.42,242.64
2029-10-23 19:00,257.11,239.73
2029-10-23 20:00,246.39,234.7
2029-10-23 21:00,240.0,235.02
2029-10-23 22:00,238.96,242.58
2029-10-23 23:00,234.93,238.47
2029-10-24 00:00,222.01,224.75
2029-10-24 01:00,218.59,227.46
2029-10-24 02:00,212.61,219.51
2029-10-24 03:00,210.85,226.17
2029-10-24 04:00,212.89,228.63
2029-10-24 05:00,218.53,229.18
2029-10-24 06:00,227.82,231.33
2029-10-24 07:00,239.98,257.3
2029-10-24 08:00,241.5,302.75
2029-10-24 09:00,251.35,337.87
2029-10-24 10:00,254.74,361.7
2029-10-24 11:00,252.31,383.15
2029-10-24 12:00,249.74,384.86
2029-10-24 13:00,246.27,381.78
2029-10-24 14:00,251.3,367.88
2029-10-24 15:00,254.53,339.84
2029-10-24 16:00,249.59,293.99
2029-10-24 17:00,249.64,245.47
2029-10-24 18:00,258.11,232.94
2029-10-24 19:00,252.96,222.81
2029-10-24 20:00,245.01,229.46
2029-10-24 21:00,240.42,220.91
2029-10-24 22:00,236.53,214.76
2029-10-24 23:00,233.56,214.72
2029-10-25 00:00,238.78,222.38
2029-10-25 01:00,233.03,225.68
2029-10-25 02:00,228.64,227.51
2029-10-25 03:00,225.04,221.85
2029-10-25 04:00,227.27,235.01
2029-10-25 05:00,234.68,230.14
2029-10-25 06:00,241.14,231.33
2029-10-25 07:00,244.54,243.66
2029-10-25 08:00,246.03,295.95
2029-10-25 09:00,260.02,344.08
2029-10-25 10:00,263.41,373.62
2029-10-25 11:00,261.77,388.75
2029-10-25 12:00,264.08,394.66
2029-10-25 13:00,256.57,379.33
2029-10-25 14:00,260.5,366.73
2029-10-25 15:00,257.67,331.92
2029-10-25 16:00,256.72,299.55
2029-10-25 17:00,257.99,254.43
2029-10-25 18:00,269.65,237.9
2029-10-25 19:00,266.57,241.31
2029-10-25 20:00,256.07,236.89
2029-10-25 21:00,247.19,231.44
2029-10-25 22:00,244.32,226.34
2029-10-25 23:00,241.81,228.73
2029-10-26 00:00,229.64,209.32
2029-10-26 01:00,226.39,214.83
2029-10-26 02:00,222.29,221.9
2029-10-26 03:00,219.71,214.34
2029-10-26 04:00,225.38,216.52
2029-10-26 05:00,226.97,211.28
2029-10-26 06:00,239.88,221.68
2029-10-26 07:00,249.51,239.76
2029-10-26 08:00,252.55,285.13
2029-10-26 09:00,258.34,330.01
2029-10-26 10:00,262.77,374.47
2029-10-26 11:00,259.73,376.71
2029-10-26 12:00,254.43,375.36
2029-10-26 13:00,251.03,369.1
2029-10-26 14:00,248.93,346.52
2029-10-26 15:00,249.45,313.22
2029-10-26 16:00,241.7,263.29
2029-10-26 17:00,246.67,229.05
2029-10-26 18:00,257.56,221.16
2029-10-26 19:00,252.98,226.3
2029-10-26 20:00,239.66,215.7
2029-10-26 21:00,237.33,218.53
2029-10-26 22:00,232.31,214.82
2029-10-26 23:00,228.88,224.61
2029-10-27 00:00,227.41,227.92
2029-10-27 01:00,221.53,224.52
2029-10-27 02:00,215.01,226.12
2029-10-27 03:00,212.56,215.63
2029-10-27 04:00,214.12,224.98
2029-10-27 05:00,221.15,230.61
2029-10-27 06:00,233.44,228.88
2029-10-27 07:00,244.6,253.87
2029-10-27 08:00,247.8,296.75
2029-10-27 09:00,256.37,351.38
2029-10-27 10:00,261.2,380.89
2029-10-27 11:00,261.83,387.69
2029-10-27 12:00,261.68,390.15
2029-10-27 13:00,255.59,375.98
2029-10-27 14:00,253.56,353.81
2029-10-27 15:00,257.29,324.68
2029-10-27 16:00,255.65,290.41
2029-10-27 17:00,258.55,254.99
2029-10-27 18:00,263.09,239.3
2029-10-27 19:00,257.84,241.42
2029-10-27 20:00,250.91,232.04
2029-10-27 21:00,246.11,232.84
2029-10-27 22:00,242.65,238.48
2029-10-27 23:00,237.36,238.74
2029-10-28 00:00,239.82,251.16
2029-10-28 01:00,234.49,258.04
2029-10-28 02:00,226.46,252.02
2029-10-28 03:00,223.56,247.56
2029-10-28 04:00,224.69,250.16
2029-10-28 05:00,235.66,250.92
2029-10-28 06:00,249.5,262.42
2029-10-28 07:00,257.7,286.94
2029-10-28 08:00,258.34,331.89
2029-10-28 09:00,268.33,382.12
2029-10-28 10:00,273.27,416.25
2029-10-28 11:00,275.44,436.91
2029-10-28 12:00,272.51,441.66
2029-10-28 13:00,268.6,433.21
2029-10-28 14:00,267.02,399.82
2029-10-28 15:00,268.75,365.12
2029-10-28 16:00,264.94,309.92
2029-10-28 17:00,266.77,271.21
2029-10-28 18:00,277.21,273.07
2029-10-28 19:00,269.66,263.37
2029-10-28 20:00,262.63,256.24
2029-10-28 21:00,254.81,246.52
2029-10-28 22:00,256.04,248.95
2029-10-28 23:00,249.73,253.39
2029-10-29 00:00,224.78,218.15
2029-10-29 01:00,220.33,219.24
2029-10-29 02:00,216.25,221.5
2029-10-29 03:00,212.18,222.0
2029-10-29 04:00,211.29,213.92
2029-10-29 05:00,221.98,217.23
2029-10-29 06:00,231.83,220.82
2029-10-29 07:00,238.74,243.18
2029-10-29 08:00,242.01,285.52
2029-10-29 09:00,253.55,333.89
2029-10-29 10:00,255.19,363.91
2029-10-29 11:00,255.7,389.38
2029-10-29 12:00,254.51,388.7
2029-10-29 13:00,248.11,383.89
2029-10-29 14:00,247.9,355.65
2029-10-29 15:00,248.82,327.05
2029-10-29 16:00,243.54,282.99
2029-10-29 17:00,241.91,239.5
2029-10-29 18:00,250.94,242.79
2029-10-29 19:00,249.01,250.14
2029-10-29 20:00,237.72,238.92
2029-10-29 21:00,228.87,221.7
2029-10-29 22:00,225.62,223.29
2029-10-29 23:00,225.98,231.62
2029-10-30 00:00,214.99,218.78
2029-10-30 01:00,209.47,212.38
2029-10-30 02:00,200.95,208.61
2029-10-30 03:00,198.95,204.89
2029-10-30 04:00,204.51,217.31
2029-10-30 05:00,214.43,217.09
2029-10-30 06:00,227.51,228.53
2029-10-30 07:00,242.2,241.92
2029-10-30 08:00,247.02,285.62
2029-10-30 09:00,253.03,340.6
2029-10-30 10:00,262.6,381.72
2029-10-30 11:00,259.64,389.62
2029-10-30 12:00,257.93,389.93
2029-10-30 13:00,250.41,380.72
2029-10-30 14:00,253.07,357.37
2029-10-30 15:00,253.36,327.3
2029-10-30 16:00,250.81,276.43
2029-10-30 17:00,249.06,232.15
2029-10-30 18:00,255.15,230.67
2029-10-30 19:00,252.28,232.68
2029-10-30 20:00,236.63,225.52
2029-10-30 21:00,227.91,214.84
2029-10-30 22:00,224.86,209.66
2029-10-30 23:00,221.4,209.02
2029-10-31 00:00,219.25,213.26
2029-10-31 01:00,216.71,217.67
2029-10-31 02:00,211.89,222.98
2029-10-31 03:00,207.56,226.33
2029-10-31 04:00,210.09,220.35
2029-10-31 05:00,217.05,214.03
2029-10-31 06:00,230.97,220.88
2029-10-31 07:00,240.72,248.17
2029-10-31 08:00,243.2,293.26
2029-10-31 09:00,251.88,334.35
2029-10-31 10:00,256.09,378.4
2029-10-31 11:00,256.5,395.09
2029-10-31 12:00,254.73,398.67
2029-10-31 13:00,248.66,382.26
2029-10-31 14:00,252.31,374.21
2029-10-31 15:00,249.44,341.76
2029-10-31 16:00,248.6,287.13
2029-10-31 17:00,249.31,244.52
2029-10-31 18:00,256.34,233.68
2029-10-31 19:00,249.59,230.71
2029-10-31 20:00,237.55,218.46
2029-10-31 21:00,233.75,216.36
2029-10-31 22:00,227.7,224.09
2029-10-31 23:00,222.99,230.48
2029-11-01 00:00,210.1,227.92
2029-11-01 01:00,207.92,232.84
2029-11-01 02:00,202.65,234.57
2029-11-01 03:00,201.34,241.34
2029-11-01 04:00,198.91,238.47
2029-11-01 05:00,212.27,242.87
2029-11-01 06:00,227.12,251.51
2029-11-01 07:00,237.94,261.29
2029-11-01 08:00,244.46,307.85
2029-11-01 09:00,250.78,356.34
2029-11-01 10:00,255.15,390.65
2029-11-01 11:00,255.89,411.48
2029-11-01 12:00,256.12,417.07
2029-11-01 13:00,248.3,405.09
2029-11-01 14:00,249.57,391.36
2029-11-01 15:00,251.05,356.31
2029-11-01 16:00,247.39,309.23
2029-11-01 17:00,245.54,265.56
2029-11-01 18:00,248.05,256.41
2029-11-01 19:00,241.91,253.17
2029-11-01 20:00,231.05,233.45
2029-11-01 21:00,227.55,236.48
2029-11-01 22:00,223.44,234.69
2029-11-01 23:00,219.88,240.8
2029-11-02 00:00,216.56,244.68
2029-11-02 01:00,212.35,237.54
2029-11-02 02:00,213.29,239.68
2029-11-02 03:00,213.14,243.1
2029-11-02 04:00,214.9,244.93
2029-11-02 05:00,222.24,255.98
2029-11-02 06:00,237.19,266.43
2029-11-02 07:00,244.52,280.7
2029-11-02 08:00,250.7,320.12
2029-11-02 09:00,259.06,373.08
2029-11-02 10:00,261.46,405.69
2029-11-02 11:00,257.46,412.88
2029-11-02 12:00,253.13,404.13
2029-11-02 13:00,244.51,391.7
2029-11-02 14:00,249.75,376.49
2029-11-02 15:00,250.43,345.49
2029-11-02 16:00,246.14,298.32
2029-11-02 17:00,245.34,245.66
2029-11-02 18:00,251.43,235.39
2029-11-02 19:00,248.31,237.2
2029-11-02 20:00,236.53,239.67
2029-11-02 21:00,227.03,233.22
2029-11-02 22:00,221.35,227.76
2029-11-02 23:00,220.05,226.98
2029-11-03 00:00,216.94,240.68
2029-11-03 01:00,211.11,237.24
2029-11-03 02:00,208.5,238.14
2029-11-03 03:00,204.67,236.93
2029-11-03 04:00,204.28,237.06
2029-11-03 05:00,211.79,242.94
2029-11-03 06:00,223.51,252.86
2029-11-03 07:00,234.4,271.58
2029-11-03 08:00,240.4,316.6
2029-11-03 09:00,248.13,356.27
2029-11-03 10:00,254.75,391.34
2029-11-03 11:00,256.06,416.91
2029-11-03 12:00,254.26,418.8
2029-11-03 13:00,245.12,397.38
2029-11-03 14:00,243.64,372.6
2029-11-03 15:00,241.5,339.65
2029-11-03 16:00,240.73,304.78
2029-11-03 17:00,244.62,257.98
2029-11-03 18:00,253.72,263.05
2029-11-03 19:00,250.93,263.15
2029-11-03 20:00,237.82,254.43
2029-11-03 21:00,229.31,254.88
2029-11-03 22:00,220.08,249.45
2029-11-03 23:00,211.17,233.11
2029-11-04 00:00,219.33,249.54
2029-11-04 01:00,216.43,250.73
2029-11-04 02:00,214.32,259.26
2029-11-04 03:00,206.9,250.96
2029-11-04 04:00,209.81,255.03
2029-11-04 05:00,219.08,256.92
2029-11-04 06:00,237.56,267.02
2029-11-04 07:00,248.47,286.33
2029-11-04 08:00,251.53,326.9
2029-11-04 09:00,260.66,371.83
2029-11-04 10:00,265.46,412.67
2029-11-04 11:00,264.78,426.31
2029-11-04 12:00,265.78,427.4
2029-11-04 13:00,258.73,422.56
2029-11-04 14:00,257.67,403.26
2029-11-04 15:00,257.03,366.47
2029-11-04 16:00,254.97,318.46
2029-11-04 17:00,254.98,273.46
2029-11-04 18:00,265.48,270.77
2029-11-04 19:00,256.51,267.82
2029-11-04 20:00,244.72,259.18
2029-11-04 21:00,236.44,264.23
2029-11-04 22:00,229.97,259.76
2029-11-04 23:00,223.11,247.44
2029-11-05 00:00,211.66,222.73
2029-11-05 01:00,205.42,219.31
2029-11-05 02:00,201.04,217.02
2029-11-05 03:00,200.14,218.72
2029-11-05 04:00,201.51,208.49
2029-11-05 05:00,211.18,220.98
2029-11-05 06:00,224.13,229.58
2029-11-05 07:00,235.49,248.5
2029-11-05 08:00,242.27,299.34
2029-11-05 09:00,255.24,349.52
2029-11-05 10:00,260.05,386.63
2029-11-05 11:00,258.68,398.05
2029-11-05 12:00,257.08,400.88
2029-11-05 13:00,249.69,388.6
2029-11-05 14:00,252.36,381.04
2029-11-05 15:00,250.06,331.66
2029-11-05 16:00,248.36,288.17
2029-11-05 17:00,250.85,258.37
2029-11-05 18:00,254.18,239.42
2029-11-05 19:00,249.44,244.88
2029-11-05 20:00,240.16,239.95
2029-11-05 21:00,229.76,231.11
2029-11-05 22:00,221.58,230.1
2029-11-05 23:00,215.13,228.34
2029-11-06 00:00,205.94,214.97
2029-11-06 01:00,199.41,201.72
2029-11-06 02:00,193.95,196.04
2029-11-06 03:00,191.84,192.63
2029-11-06 04:00,192.0,190.22
2029-11-06 05:00,202.11,193.57
2029-11-06 06:00,217.29,204.49
2029-11-06 07:00,230.26,224.13
2029-11-06 08:00,237.03,266.12
2029-11-06 09:00,248.17,326.48
2029-11-06 10:00,249.64,358.13
2029-11-06 11:00,245.96,374.01
2029-11-06 12:00,242.76,366.14
2029-11-06 13:00,236.77,354.39
2029-11-06 14:00,238.99,336.46
2029-11-06 15:00,241.43,314.23
2029-11-06 16:00,240.09,269.24
2029-11-06 17:00,244.38,235.89
2029-11-06 18:00,248.93,229.47
2029-11-06 19:00,243.73,227.11
2029-11-06 20:00,230.3,228.63
2029-11-06 21:00,223.27,226.37
2029-11-06 22:00,218.87,222.06
2029-11-06 23:00,218.49,219.59
2029-11-07 00:00,210.82,215.29
2029-11-07 01:00,207.21,213.8
2029-11-07 02:00,200.6,205.45
2029-11-07 03:00,196.27,210.78
2029-11-07 04:00,196.38,214.66
2029-11-07 05:00,207.28,211.09
2029-11-07 06:00,225.78,225.2
2029-11-07 07:00,241.79,248.41
2029-11-07 08:00,244.35,291.5
2029-11-07 09:00,253.12,333.85
2029-11-07 10:00,257.0,368.49
2029-11-07 11:00,257.22,387.35
2029-11-07 12:00,258.32,391.77
2029-11-07 13:00,254.98,391.0
2029-11-07 14:00,251.96,371.07
2029-11-07 15:00,255.01,335.71
2029-11-07 16:00,250.78,285.75
2029-11-07 17:00,250.91,242.05
2029-11-07 18:00,251.68,229.14
2029-11-07 19:00,249.13,232.25
2029-11-07 20:00,238.9,238.36
2029-11-07 21:00,230.33,225.31
2029-11-07 22:00,224.49,222.25
2029-11-07 23:00,220.8,227.79
2029-11-08 00:00,219.32,229.48
2029-11-08 01:00,213.06,227.95
2029-11-08 02:00,206.38,222.26
2029-11-08 03:00,203.63,220.05
2029-11-08 04:00,203.4,224.46
2029-11-08 05:00,214.42,226.05
2029-11-08 06:00,234.69,241.3
2029-11-08 07:00,249.71,260.54
2029-11-08 08:00,255.27,299.79
2029-11-08 09:00,265.95,350.76
2029-11-08 10:00,269.34,386.93
2029-11-08 11:00,269.66,405.76
2029-11-08 12:00,263.29,396.88
2029-11-08 13:00,262.19,394.6
2029-11-08 14:00,265.13,381.43
2029-11-08 15:00,265.2,345.0
2029-11-08 16:00,260.86,298.68
2029-11-08 17:00,262.54,251.08
2029-11-08 18:00,269.16,242.35
2029-11-08 19:00,260.43,241.14
2029-11-08 20:00,247.91,249.58
2029-11-08 21:00,242.37,245.13
2029-11-08 22:00,236.11,251.38
2029-11-08 23:00,230.36,244.29
2029-11-09 00:00,230.13,251.78
2029-11-09 01:00,220.26,247.8
2029-11-09 02:00,215.84,243.79
2029-11-09 03:00,214.81,238.14
2029-11-09 04:00,220.79,236.68
2029-11-09 05:00,231.75,241.57
2029-11-09 06:00,246.91,244.35
2029-11-09 07:00,258.25,262.38
2029-11-09 08:00,264.1,305.93
2029-11-09 09:00,272.71,365.79
2029-11-09 10:00,275.08,396.59
2029-11-09 11:00,271.53,415.06
2029-11-09 12:00,264.76,407.07
2029-11-09 13:00,259.13,393.54
2029-11-09 14:00,258.64,374.98
2029-11-09 15:00,258.72,335.68
2029-11-09 16:00,255.19,284.89
2029-11-09 17:00,256.76,244.84
2029-11-09 18:00,263.07,250.87
2029-11-09 19:00,258.49,248.85
2029-11-09 20:00,248.38,243.49
2029-11-09 21:00,238.58,230.9
2029-11-09 22:00,231.44,225.58
2029-11-09 23:00,227.41,225.71
2029-11-10 00:00,224.1,237.55
2029-11-10 01:00,215.59,242.74
2029-11-10 02:00,210.0,236.66
2029-11-10 03:00,206.94,225.02
2029-11-10 04:00,208.73,221.49
2029-11-10 05:00,220.5,217.4
2029-11-10 06:00,236.75,230.6
2029-11-10 07:00,254.5,244.75
2029-11-10 08:00,263.94,301.01
2029-11-10 09:00,270.14,346.06
2029-11-10 10:00,272.33,383.66
2029-11-10 11:00,268.88,396.04
2029-11-10 12:00,263.96,396.89
2029-11-10 13:00,260.6,398.02
2029-11-10 14:00,260.93,385.97
2029-11-10 15:00,262.43,343.11
2029-11-10 16:00,261.08,296.55
2029-11-10 17:00,261.02,258.7
2029-11-10 18:00,266.52,248.76
2029-11-10 19:00,254.74,250.61
2029-11-10 20:00,242.33,238.58
2029-11-10 21:00,233.65,237.13
2029-11-10 22:00,228.28,231.35
2029-11-10 23:00,224.47,239.71
2029-11-11 00:00,215.81,232.66
2029-11-11 01:00,210.48,237.77
2029-11-11 02:00,206.65,228.42
2029-11-11 03:00,200.35,212.89
2029-11-11 04:00,200.9,207.8
2029-11-11 05:00,215.02,212.7
2029-11-11 06:00,232.3,226.94
2029-11-11 07:00,243.98,247.59
2029-11-11 08:00,249.43,293.34
2029-11-11 09:00,260.82,346.3
2029-11-11 10:00,262.47,378.18
2029-11-11 11:00,259.47,395.44
2029-11-11 12:00,254.02,396.11
2029-11-11 13:00,246.57,388.16
2029-11-11 14:00,248.43,368.39
2029-11-11 15:00,252.56,330.55
2029-11-11 16:00,247.91,283.16
2029-11-11 17:00,247.76,252.97
2029-11-11 18:00,249.68,242.1
2029-11-11 19:00,241.69,227.0
2029-11-11 20:00,232.37,220.42
2029-11-11 21:00,225.22,229.21
2029-11-11 22:00,217.21,227.48
2029-11-11 23:00,211.59,219.65
2029-11-12 00:00,209.32,231.26
2029-11-12 01:00,202.65,240.14
2029-11-12 02:00,203.08,243.56
2029-11-12 03:00,202.2,241.22
2029-11-12 04:00,207.44,238.42
2029-11-12 05:00,217.71,247.96
2029-11-12 06:00,236.59,254.69
2029-11-12 07:00,251.38,280.62
2029-11-12 08:00,252.68,315.06
2029-11-12 09:00,265.46,366.82
2029-11-12 10:00,267.52,397.7
2029-11-12 11:00,263.34,421.67
2029-11-12 12:00,261.87,418.66
2029-11-12 13:00,253.96,417.25
2029-11-12 14:00,253.64,400.1
2029-11-12 15:00,256.47,365.53
2029-11-12 16:00,251.31,306.37
2029-11-12 17:00,256.42,268.03
2029-11-12 18:00,261.62,252.78
2029-11-12 19:00,250.73,249.68
2029-11-12 20:00,237.23,248.75
2029-11-12 21:00,229.17,253.05
2029-11-12 22:00,224.24,249.27
2029-11-12 23:00,223.22,250.06
2029-11-13 00:00,213.13,233.92
2029-11-13 01:00,208.46,239.26
2029-11-13 02:00,204.19,241.91
2029-11-13 03:00,202.91,237.96
2029-11-13 04:00,205.72,241.73
2029-11-13 05:00,216.9,239.98
2029-11-13 06:00,236.32,246.44
2029-11-13 07:00,250.42,263.84
2029-11-13 08:00,256.73,306.75
2029-11-13 09:00,267.15,357.83
2029-11-13 10:00,267.01,394.7
2029-11-13 11:00,264.13,413.73
2029-11-13 12:00,261.08,414.68
2029-11-13 13:00,258.31,408.2
2029-11-13 14:00,253.69,380.82
2029-11-13 15:00,255.38,346.19
2029-11-13 16:00,252.42,291.54
2029-11-13 17:00,254.86,253.95
2029-11-13 18:00,258.83,236.98
2029-11-13 19:00,246.92,240.3
2029-11-13 20:00,231.96,233.76
2029-11-13 21:00,224.9,242.54
2029-11-13 22:00,216.38,231.17
2029-11-13 23:00,216.68,236.1
2029-11-14 00:00,211.79,213.63
2029-11-14 01:00,203.27,205.78
2029-11-14 02:00,198.12,211.14
2029-11-14 03:00,194.97,204.33
2029-11-14 04:00,196.92,203.81
2029-11-14 05:00,209.88,200.11
2029-11-14 06:00,226.59,206.0
2029-11-14 07:00,242.53,227.0
2029-11-14 08:00,253.54,280.7
2029-11-14 09:00,259.62,326.94
2029-11-14 10:00,266.8,372.58
2029-11-14 11:00,270.66,394.2
2029-11-14 12:00,266.29,388.73
2029-11-14 13:00,258.27,382.75
2029-11-14 14:00,257.71,356.76
2029-11-14 15:00,260.8,332.22
2029-11-14 16:00,256.04,278.23
2029-11-14 17:00,255.61,243.66
2029-11-14 18:00,259.31,221.53
2029-11-14 19:00,248.93,219.4
2029-11-14 20:00,234.05,217.02
2029-11-14 21:00,226.27,218.93
2029-11-14 22:00,224.97,217.35
2029-11-14 23:00,221.23,218.33
2029-11-15 00:00,222.16,238.28
2029-11-15 01:00,216.89,236.59
2029-11-15 02:00,217.86,239.94
2029-11-15 03:00,214.26,240.0
2029-11-15 04:00,217.65,237.28
2029-11-15 05:00,229.96,239.96
2029-11-15 06:00,246.34,250.87
2029-11-15 07:00,260.87,272.32
2029-11-15 08:00,268.31,317.6
2029-11-15 09:00,278.38,367.76
2029-11-15 10:00,278.93,397.64
2029-11-15 11:00,277.31,416.87
2029-11-15 12:00,272.19,408.04
2029-11-15 13:00,267.71,398.65
2029-11-15 14:00,264.13,373.59
2029-11-15 15:00,267.67,338.62
2029-11-15 16:00,265.45,296.35
2029-11-15 17:00,266.33,258.68
2029-11-15 18:00,269.76,247.26
2029-11-15 19:00,262.58,243.77
2029-11-15 20:00,244.84,231.93
2029-11-15 21:00,230.88,222.98
2029-11-15 22:00,221.66,221.37
2029-11-15 23:00,218.68,219.32
2029-11-16 00:00,201.46,201.8
2029-11-16 01:00,196.32,203.53
2029-11-16 02:00,192.31,207.08
2029-11-16 03:00,188.48,206.65
2029-11-16 04:00,188.7,204.75
2029-11-16 05:00,202.65,210.4
2029-11-16 06:00,226.58,235.06
2029-11-16 07:00,242.51,245.24
2029-11-16 08:00,247.34,282.42
2029-11-16 09:00,254.63,335.06
2029-11-16 10:00,255.63,357.7
2029-11-16 11:00,255.6,376.82
2029-11-16 12:00,251.98,374.26
2029-11-16 13:00,245.02,364.48
2029-11-16 14:00,248.87,351.64
2029-11-16 15:00,248.44,311.87
2029-11-16 16:00,250.73,270.04
2029-11-16 17:00,249.58,233.71
2029-11-16 18:00,257.09,245.72
2029-11-16 19:00,247.24,235.08
2029-11-16 20:00,234.42,235.25
2029-11-16 21:00,223.61,237.33
2029-11-16 22:00,217.95,237.75
2029-11-16 23:00,210.6,233.35
2029-11-17 00:00,208.24,233.98
2029-11-17 01:00,202.5,224.24
2029-11-17 02:00,195.83,226.93
2029-11-17 03:00,194.59,221.74
2029-11-17 04:00,199.77,226.36
2029-11-17 05:00,213.92,223.23
2029-11-17 06:00,234.24,239.07
2029-11-17 07:00,248.0,251.9
2029-11-17 08:00,255.47,291.02
2029-11-17 09:00,265.8,344.23
2029-11-17 10:00,269.27,377.02
2029-11-17 11:00,270.91,397.13
2029-11-17 12:00,263.58,390.26
2029-11-17 13:00,256.04,376.47
2029-11-17 14:00,255.22,364.41
2029-11-17 15:00,258.22,330.96
2029-11-17 16:00,257.94,288.7
2029-11-17 17:00,256.53,245.91
2029-11-17 18:00,264.59,244.23
2029-11-17 19:00,253.05,242.65
2029-11-17 20:00,236.0,226.36
2029-11-17 21:00,227.84,230.4
2029-11-17 22:00,222.8,219.59
2029-11-17 23:00,216.6,225.66
2029-11-18 00:00,212.49,244.12
2029-11-18 01:00,205.98,244.31
2029-11-18 02:00,201.33,242.97
2029-11-18 03:00,201.79,246.05
2029-11-18 04:00,201.06,240.61
2029-11-18 05:00,211.9,251.43
2029-11-18 06:00,232.71,256.71
2029-11-18 07:00,250.49,270.07
2029-11-18 08:00,255.48,314.17
2029-11-18 09:00,267.74,366.08
2029-11-18 10:00,270.67,386.06
2029-11-18 11:00,271.37,405.45
2029-11-18 12:00,269.05,413.43
2029-11-18 13:00,258.2,397.88
2029-11-18 14:00,258.35,374.89
2029-11-18 15:00,261.03,344.05
2029-11-18 16:00,259.09,298.17
2029-11-18 17:00,262.37,256.89
2029-11-18 18:00,272.87,256.66
2029-11-18 19:00,264.89,262.29
2029-11-18 20:00,246.35,264.91
2029-11-18 21:00,235.51,258.29
2029-11-18 22:00,230.39,256.67
2029-11-18 23:00,221.96,244.67
2029-11-19 00:00,211.88,231.8
2029-11-19 01:00,205.79,229.5
2029-11-19 02:00,204.74,234.53
2029-11-19 03:00,204.92,244.48
2029-11-19 04:00,210.71,246.19
2029-11-19 05:00,223.71,253.54
2029-11-19 06:00,240.62,266.53
2029-11-19 07:00,257.58,276.46
2029-11-19 08:00,262.32,307.6
2029-11-19 09:00,271.64,350.49
2029-11-19 10:00,268.26,373.74
2029-11-19 11:00,266.19,401.99
2029-11-19 12:00,265.42,411.81
2029-11-19 13:00,259.32,406.2
2029-11-19 14:00,261.28,397.62
2029-11-19 15:00,259.71,355.1
2029-11-19 16:00,259.14,314.0
2029-11-19 17:00,260.7,262.12
2029-11-19 18:00,267.3,256.46
2029-11-19 19:00,254.71,246.23
2029-11-19 20:00,241.41,235.38
2029-11-19 21:00,231.82,233.88
2029-11-19 22:00,222.38,230.56
2029-11-19 23:00,218.63,229.84
2029-11-20 00:00,206.52,226.36
2029-11-20 01:00,199.36,225.97
2029-11-20 02:00,195.28,224.44
2029-11-20 03:00,196.48,222.73
2029-11-20 04:00,202.63,220.29
2029-11-20 05:00,213.33,223.4
2029-11-20 06:00,231.22,238.25
2029-11-20 07:00,247.18,258.33
2029-11-20 08:00,257.48,299.86
2029-11-20 09:00,263.44,344.87
2029-11-20 10:00,265.74,371.61
2029-11-20 11:00,262.49,381.16
2029-11-20 12:00,263.33,394.54
2029-11-20 13:00,256.07,390.66
2029-11-20 14:00,258.7,371.81
2029-11-20 15:00,260.5,337.94
2029-11-20 16:00,256.27,290.72
2029-11-20 17:00,257.03,258.19
2029-11-20 18:00,261.23,259.53
2029-11-20 19:00,249.61,252.65
2029-11-20 20:00,235.18,246.0
2029-11-20 21:00,223.46,237.7
2029-11-20 22:00,215.34,233.65
2029-11-20 23:00,209.71,241.82
2029-11-21 00:00,204.71,245.82
2029-11-21 01:00,200.25,241.31
2029-11-21 02:00,196.7,244.05
2029-11-21 03:00,195.0,236.15
2029-11-21 04:00,198.36,235.92
2029-11-21 05:00,211.87,233.67
2029-11-21 06:00,228.46,236.86
2029-11-21 07:00,244.61,252.26
2029-11-21 08:00,254.07,286.51
2029-11-21 09:00,264.42,332.67
2029-11-21 10:00,265.51,365.26
2029-11-21 11:00,264.43,383.6
2029-11-21 12:00,261.4,392.28
2029-11-21 13:00,249.44,383.5
2029-11-21 14:00,250.74,364.32
2029-11-21 15:00,250.43,332.31
2029-11-21 16:00,248.29,282.01
2029-11-21 17:00,247.0,241.78
2029-11-21 18:00,249.92,232.11
2029-11-21 19:00,243.16,222.99
2029-11-21 20:00,230.13,220.55
2029-11-21 21:00,220.88,219.38
2029-11-21 22:00,216.48,225.13
2029-11-21 23:00,214.72,228.19
2029-11-22 00:00,208.91,210.21
2029-11-22 01:00,208.28,217.58
2029-11-22 02:00,201.12,222.77
2029-11-22 03:00,197.39,221.86
2029-11-22 04:00,200.84,214.73
2029-11-22 05:00,212.59,217.09
2029-11-22 06:00,234.37,229.39
2029-11-22 07:00,250.58,249.52
2029-11-22 08:00,261.7,302.12
2029-11-22 09:00,272.23,341.78
2029-11-22 10:00,275.06,377.16
2029-11-22 11:00,270.81,391.7
2029-11-22 12:00,267.03,394.41
2029-11-22 13:00,257.99,385.66
2029-11-22 14:00,255.76,363.98
2029-11-22 15:00,257.54,329.15
2029-11-22 16:00,256.93,284.78
2029-11-22 17:00,259.76,246.06
2029-11-22 18:00,262.44,238.92
2029-11-22 19:00,252.26,228.54
2029-11-22 20:00,234.9,222.81
2029-11-22 21:00,223.56,228.36
2029-11-22 22:00,214.67,228.6
2029-11-22 23:00,208.15,227.72
2029-11-23 00:00,202.89,223.71
2029-11-23 01:00,199.68,219.78
2029-11-23 02:00,194.27,215.23
2029-11-23 03:00,191.77,217.14
2029-11-23 04:00,195.74,227.87
2029-11-23 05:00,207.8,226.32
2029-11-23 06:00,231.02,232.25
2029-11-23 07:00,254.85,251.3
2029-11-23 08:00,261.53,285.22
2029-11-23 09:00,272.71,338.46
2029-11-23 10:00,276.49,369.73
2029-11-23 11:00,272.17,376.67
2029-11-23 12:00,265.29,379.21
2029-11-23 13:00,258.22,379.97
2029-11-23 14:00,253.71,354.09
2029-11-23 15:00,251.74,310.76
2029-11-23 16:00,249.04,264.68
2029-11-23 17:00,252.37,226.03
2029-11-23 18:00,255.41,219.8
2029-11-23 19:00,242.15,211.82
2029-11-23 20:00,229.32,211.54
2029-11-23 21:00,218.17,212.88
2029-11-23 22:00,212.46,214.46
2029-11-23 23:00,210.45,218.86
2029-11-24 00:00,201.83,221.68
2029-11-24 01:00,193.59,222.63
2029-11-24 02:00,192.49,217.0
2029-11-24 03:00,192.12,207.5
2029-11-24 04:00,194.31,204.25
2029-11-24 05:00,208.72,213.41
2029-11-24 06:00,231.92,215.73
2029-11-24 07:00,252.9,239.25
2029-11-24 08:00,257.66,276.44
2029-11-24 09:00,268.23,329.08
2029-11-24 10:00,269.13,359.66
2029-11-24 11:00,266.0,369.77
2029-11-24 12:00,265.55,380.35
2029-11-24 13:00,257.78,374.74
2029-11-24 14:00,256.52,356.34
2029-11-24 15:00,257.39,329.34
2029-11-24 16:00,253.19,287.51
2029-11-24 17:00,253.03,251.22
2029-11-24 18:00,256.83,240.44
2029-11-24 19:00,248.71,244.71
2029-11-24 20:00,238.44,243.46
2029-11-24 21:00,227.6,223.17
2029-11-24 22:00,218.43,221.04
2029-11-24 23:00,211.77,219.82
2029-11-25 00:00,202.22,216.96
2029-11-25 01:00,198.89,215.09
2029-11-25 02:00,196.27,213.63
2029-11-25 03:00,197.84,210.83
2029-11-25 04:00,199.27,206.34
2029-11-25 05:00,212.63,213.91
2029-11-25 06:00,232.35,218.12
2029-11-25 07:00,249.02,233.68
2029-11-25 08:00,255.96,278.45
2029-11-25 09:00,267.6,336.84
2029-11-25 10:00,272.37,369.39
2029-11-25 11:00,269.81,382.36
2029-11-25 12:00,261.02,388.05
2029-11-25 13:00,250.51,369.04
2029-11-25 14:00,250.12,348.91
2029-11-25 15:00,253.69,316.74
2029-11-25 16:00,250.76,265.17
2029-11-25 17:00,252.02,226.18
2029-11-25 18:00,255.46,223.39
2029-11-25 19:00,247.3,220.2
2029-11-25 20:00,233.81,224.7
2029-11-25 21:00,223.15,224.17
2029-11-25 22:00,216.28,220.17
2029-11-25 23:00,205.95,215.14
2029-11-26 00:00,192.3,211.7
2029-11-26 01:00,188.7,204.37
2029-11-26 02:00,185.94,207.06
2029-11-26 03:00,185.1,210.01
2029-11-26 04:00,189.56,217.43
2029-11-26 05:00,198.52,213.23
2029-11-26 06:00,219.4,217.95
2029-11-26 07:00,239.9,241.01
2029-11-26 08:00,250.69,282.27
2029-11-26 09:00,261.43,325.99
2029-11-26 10:00,262.42,358.61
2029-11-26 11:00,257.96,378.53
2029-11-26 12:00,253.99,385.15
2029-11-26 13:00,247.86,384.16
2029-11-26 14:00,242.62,356.86
2029-11-26 15:00,246.61,326.16
2029-11-26 16:00,240.53,277.19
2029-11-26 17:00,239.53,241.53
2029-11-26 18:00,246.01,249.51
2029-11-26 19:00,237.39,232.88
2029-11-26 20:00,224.33,233.29
2029-11-26 21:00,211.03,235.69
2029-11-26 22:00,208.4,238.84
2029-11-26 23:00,201.37,226.91
2029-11-27 00:00,198.11,228.91
2029-11-27 01:00,191.16,227.02
2029-11-27 02:00,185.4,219.02
2029-11-27 03:00,182.0,219.15
2029-11-27 04:00,183.85,219.38
2029-11-27 05:00,194.99,221.63
2029-11-27 06:00,216.91,227.03
2029-11-27 07:00,235.55,234.94
2029-11-27 08:00,247.45,286.2
2029-11-27 09:00,257.13,328.8
2029-11-27 10:00,256.61,361.02
2029-11-27 11:00,255.7,377.59
2029-11-27 12:00,251.11,386.84
2029-11-27 13:00,240.04,368.52
2029-11-27 14:00,238.32,355.11
2029-11-27 15:00,240.01,324.14
2029-11-27 16:00,239.26,279.22
2029-11-27 17:00,240.42,242.43
2029-11-27 18:00,248.89,238.44
2029-11-27 19:00,238.81,227.04
2029-11-27 20:00,225.44,228.98
2029-11-27 21:00,214.2,211.73
2029-11-27 22:00,205.35,214.7
2029-11-27 23:00,198.75,219.35
2029-11-28 00:00,195.45,215.23
2029-11-28 01:00,187.47,206.41
2029-11-28 02:00,185.64,204.95
2029-11-28 03:00,182.33,209.98
2029-11-28 04:00,184.46,207.96
2029-11-28 05:00,200.43,216.53
2029-11-28 06:00,220.39,215.57
2029-11-28 07:00,239.41,237.34
2029-11-28 08:00,251.66,271.62
2029-11-28 09:00,258.86,319.46
2029-11-28 10:00,260.7,344.53
2029-11-28 11:00,260.16,361.0
2029-11-28 12:00,251.46,362.13
2029-11-28 13:00,242.85,363.32
2029-11-28 14:00,244.12,345.48
2029-11-28 15:00,240.09,305.49
2029-11-28 16:00,236.55,256.43
2029-11-28 17:00,241.03,221.13
2029-11-28 18:00,248.98,226.82
2029-11-28 19:00,239.9,220.91
2029-11-28 20:00,230.38,218.16
2029-11-28 21:00,217.65,212.1
2029-11-28 22:00,211.91,219.76
2029-11-28 23:00,207.49,217.16
2029-11-29 00:00,208.02,230.54
2029-11-29 01:00,201.14,220.88
2029-11-29 02:00,195.95,226.46
2029-11-29 03:00,195.29,222.69
2029-11-29 04:00,200.2,227.92
2029-11-29 05:00,212.51,235.81
2029-11-29 06:00,231.99,241.54
2029-11-29 07:00,246.56,251.4
2029-11-29 08:00,254.2,293.38
2029-11-29 09:00,261.78,328.94
2029-11-29 10:00,263.53,365.72
2029-11-29 11:00,263.9,394.33
2029-11-29 12:00,261.2,396.61
2029-11-29 13:00,253.82,386.48
2029-11-29 14:00,251.21,367.87
2029-11-29 15:00,253.75,336.49
2029-11-29 16:00,250.8,287.86
2029-11-29 17:00,250.19,252.37
2029-11-29 18:00,257.06,245.09
2029-11-29 19:00,248.2,240.81
2029-11-29 20:00,232.92,241.3
2029-11-29 21:00,221.45,235.74
2029-11-29 22:00,209.1,226.46
2029-11-29 23:00,202.29,230.4
2029-11-30 00:00,190.96,228.21
2029-11-30 01:00,188.23,236.8
2029-11-30 02:00,184.89,243.0
2029-11-30 03:00,183.59,244.39
2029-11-30 04:00,189.6,250.15
2029-11-30 05:00,201.81,238.62
2029-11-30 06:00,223.83,237.06
2029-11-30 07:00,247.35,254.49
2029-11-30 08:00,258.25,293.16
2029-11-30 09:00,267.77,337.43
2029-11-30 10:00,272.45,370.56
2029-11-30 11:00,263.71,379.68
2029-11-30 12:00,256.4,393.16
2029-11-30 13:00,246.61,384.02
2029-11-30 14:00,244.94,363.51
2029-11-30 15:00,244.72,329.16
2029-11-30 16:00,238.85,292.9
2029-11-30 17:00,241.51,256.34
2029-11-30 18:00,247.44,249.82
2029-11-30 19:00,238.88,250.43
2029-11-30 20:00,224.58,243.78
2029-11-30 21:00,214.53,242.18
2029-11-30 22:00,205.33,229.44
2029-11-30 23:00,200.04,237.36
2029-12-01 00:00,204.7,234.3
2029-12-01 01:00,196.88,231.02
2029-12-01 02:00,194.62,240.39
2029-12-01 03:00,196.51,242.02
2029-12-01 04:00,197.96,235.32
2029-12-01 05:00,213.53,240.72
2029-12-01 06:00,231.11,245.61
2029-12-01 07:00,250.9,262.94
2029-12-01 08:00,262.98,300.06
2029-12-01 09:00,276.13,351.95
2029-12-01 10:00,276.92,384.43
2029-12-01 11:00,271.74,401.67
2029-12-01 12:00,264.68,400.54
2029-12-01 13:00,258.76,390.02
2029-12-01 14:00,256.55,369.91
2029-12-01 15:00,257.21,335.28
2029-12-01 16:00,253.88,294.48
2029-12-01 17:00,254.08,256.05
2029-12-01 18:00,258.51,249.02
2029-12-01 19:00,248.16,243.5
2029-12-01 20:00,228.77,237.55
2029-12-01 21:00,218.62,236.4
2029-12-01 22:00,209.86,238.89
2029-12-01 23:00,204.85,244.31
2029-12-02 00:00,200.91,241.62
2029-12-02 01:00,193.78,236.68
2029-12-02 02:00,189.57,240.95
2029-12-02 03:00,190.8,238.7
2029-12-02 04:00,195.73,243.34
2029-12-02 05:00,208.35,235.69
2029-12-02 06:00,228.87,239.87
2029-12-02 07:00,250.51,254.52
2029-12-02 08:00,259.13,285.99
2029-12-02 09:00,265.16,321.45
2029-12-02 10:00,269.65,375.92
2029-12-02 11:00,266.83,386.62
2029-12-02 12:00,261.34,391.1
2029-12-02 13:00,253.46,388.36
2029-12-02 14:00,256.08,384.4
2029-12-02 15:00,255.66,342.04
2029-12-02 16:00,254.43,291.47
2029-12-02 17:00,256.22,258.94
2029-12-02 18:00,262.22,256.74
2029-12-02 19:00,253.59,260.9
2029-12-02 20:00,239.36,255.22
2029-12-02 21:00,230.49,256.07
2029-12-02 22:00,218.24,239.77
2029-12-02 23:00,208.25,245.63
2029-12-03 00:00,199.24,242.36
2029-12-03 01:00,193.91,235.04
2029-12-03 02:00,189.75,233.13
2029-12-03 03:00,190.76,234.05
2029-12-03 04:00,195.41,235.97
2029-12-03 05:00,212.63,241.2
2029-12-03 06:00,225.82,232.86
2029-12-03 07:00,247.25,254.42
2029-12-03 08:00,259.78,288.51
2029-12-03 09:00,270.54,329.55
2029-12-03 10:00,272.83,361.84
2029-12-03 11:00,267.66,378.82
2029-12-03 12:00,263.47,384.4
2029-12-03 13:00,255.48,380.62
2029-12-03 14:00,253.97,364.52
2029-12-03 15:00,256.99,330.22
2029-12-03 16:00,253.18,276.43
2029-12-03 17:00,259.49,238.08
2029-12-03 18:00,263.76,239.56
2029-12-03 19:00,256.78,231.99
2029-12-03 20:00,239.92,229.63
2029-12-03 21:00,230.53,223.88
2029-12-03 22:00,222.78,221.79
2029-12-03 23:00,217.04,225.54
2029-12-04 00:00,210.36,238.77
2029-12-04 01:00,201.3,232.46
2029-12-04 02:00,200.49,235.41
2029-12-04 03:00,198.49,236.85
2029-12-04 04:00,200.34,231.96
2029-12-04 05:00,213.85,241.58
2029-12-04 06:00,233.6,244.17
2029-12-04 07:00,255.01,253.03
2029-12-04 08:00,264.88,292.34
2029-12-04 09:00,276.08,336.39
2029-12-04 10:00,278.32,380.91
2029-12-04 11:00,276.29,404.9
2029-12-04 12:00,268.08,409.69
2029-12-04 13:00,260.37,405.17
2029-12-04 14:00,259.78,381.11
2029-12-04 15:00,258.84,347.94
2029-12-04 16:00,253.58,300.56
2029-12-04 17:00,259.95,265.11
2029-12-04 18:00,264.48,253.05
2029-12-04 19:00,256.55,249.15
2029-12-04 20:00,239.18,245.64
2029-12-04 21:00,227.89,239.59
2029-12-04 22:00,221.21,241.61
2029-12-04 23:00,212.93,234.56
2029-12-05 00:00,197.19,211.3
2029-12-05 01:00,191.62,211.13
2029-12-05 02:00,183.51,212.92
2029-12-05 03:00,183.79,212.07
2029-12-05 04:00,191.13,218.66
2029-12-05 05:00,202.41,223.25
2029-12-05 06:00,222.85,231.34
2029-12-05 07:00,242.61,251.66
2029-12-05 08:00,253.9,289.71
2029-12-05 09:00,266.68,335.74
2029-12-05 10:00,265.28,359.58
2029-12-05 11:00,260.55,375.61
2029-12-05 12:00,256.27,377.31
2029-12-05 13:00,251.58,377.89
2029-12-05 14:00,249.21,354.3
2029-12-05 15:00,248.85,318.89
2029-12-05 16:00,245.42,261.82
2029-12-05 17:00,249.42,232.82
2029-12-05 18:00,250.89,231.08
2029-12-05 19:00,242.02,225.14
2029-12-05 20:00,228.04,222.61
2029-12-05 21:00,217.02,228.8
2029-12-05 22:00,209.53,232.2
2029-12-05 23:00,202.51,233.22
2029-12-06 00:00,192.85,230.3
2029-12-06 01:00,184.76,221.88
2029-12-06 02:00,181.14,219.59
2029-12-06 03:00,180.4,216.84
2029-12-06 04:00,183.28,222.83
2029-12-06 05:00,203.51,232.84
2029-12-06 06:00,225.74,234.78
2029-12-06 07:00,247.83,249.19
2029-12-06 08:00,258.58,289.51
2029-12-06 09:00,267.03,333.14
2029-12-06 10:00,265.64,363.59
2029-12-06 11:00,264.28,376.04
2029-12-06 12:00,254.23,382.9
2029-12-06 13:00,244.29,373.48
2029-12-06 14:00,241.51,351.02
2029-12-06 15:00,242.5,323.02
2029-12-06 16:00,241.45,285.19
2029-12-06 17:00,244.09,254.63
2029-12-06 18:00,248.73,244.28
2029-12-06 19:00,238.75,236.26
2029-12-06 20:00,219.37,228.36
2029-12-06 21:00,206.46,225.11
2029-12-06 22:00,199.31,225.76
2029-12-06 23:00,194.77,233.42
2029-12-07 00:00,181.88,218.64
2029-12-07 01:00,177.16,224.18
2029-12-07 02:00,173.6,222.07
2029-12-07 03:00,176.47,217.93
2029-12-07 04:00,182.74,224.29
2029-12-07 05:00,199.87,229.82
2029-12-07 06:00,219.01,231.16
2029-12-07 07:00,239.47,242.6
2029-12-07 08:00,252.13,282.93
2029-12-07 09:00,258.39,322.65
2029-12-07 10:00,260.9,359.23
2029-12-07 11:00,256.47,382.41
2029-12-07 12:00,252.94,379.29
2029-12-07 13:00,243.56,371.48
2029-12-07 14:00,243.86,362.21
2029-12-07 15:00,241.15,329.64
2029-12-07 16:00,235.67,274.62
2029-12-07 17:00,237.7,243.8
2029-12-07 18:00,246.87,249.07
2029-12-07 19:00,234.65,241.59
2029-12-07 20:00,218.74,225.76
2029-12-07 21:00,207.6,218.34
2029-12-07 22:00,196.79,213.65
2029-12-07 23:00,193.15,221.19
2029-12-08 00:00,201.6,243.36
2029-12-08 01:00,196.62,239.65
2029-12-08 02:00,190.02,235.8
2029-12-08 03:00,192.22,232.97
2029-12-08 04:00,194.99,238.08
2029-12-08 05:00,203.1,234.51
2029-12-08 06:00,223.41,230.99
2029-12-08 07:00,247.17,238.84
2029-12-08 08:00,256.06,274.86
2029-12-08 09:00,271.06,315.53
2029-12-08 10:00,274.48,352.96
2029-12-08 11:00,269.13,375.98
2029-12-08 12:00,263.06,371.56
2029-12-08 13:00,251.68,365.72
2029-12-08 14:00,251.28,354.64
2029-12-08 15:00,252.65,329.75
2029-12-08 16:00,249.43,271.8
2029-12-08 17:00,253.14,230.56
2029-12-08 18:00,262.81,233.31
2029-12-08 19:00,253.77,237.25
2029-12-08 20:00,234.6,237.39
2029-12-08 21:00,222.31,236.76
2029-12-08 22:00,213.88,240.0
2029-12-08 23:00,205.38,230.13
2029-12-09 00:00,209.91,249.43
2029-12-09 01:00,200.39,235.6
2029-12-09 02:00,198.77,231.06
2029-12-09 03:00,201.74,233.35
2029-12-09 04:00,205.14,235.62
2029-12-09 05:00,219.49,246.04
2029-12-09 06:00,240.31,243.47
2029-12-09 07:00,262.61,258.46
2029-12-09 08:00,275.71,294.96
2029-12-09 09:00,284.49,343.51
2029-12-09 10:00,285.97,381.62
2029-12-09 11:00,278.87,392.99
2029-12-09 12:00,271.89,393.32
2029-12-09 13:00,267.38,386.23
2029-12-09 14:00,265.46,358.32
2029-12-09 15:00,263.65,323.06
2029-12-09 16:00,256.9,278.69
2029-12-09 17:00,258.11,245.31
2029-12-09 18:00,264.92,248.95
2029-12-09 19:00,256.02,239.93
2029-12-09 20:00,242.12,242.77
2029-12-09 21:00,229.61,238.68
2029-12-09 22:00,219.47,230.53
2029-12-09 23:00,216.66,246.06
2029-12-10 00:00,212.97,250.82
2029-12-10 01:00,208.27,242.57
2029-12-10 02:00,207.63,243.03
2029-12-10 03:00,207.19,248.21
2029-12-10 04:00,210.81,245.46
2029-12-10 05:00,220.95,241.5
2029-12-10 06:00,242.58,248.28
2029-12-10 07:00,266.68,256.57
2029-12-10 08:00,278.41,289.91
2029-12-10 09:00,285.61,326.91
2029-12-10 10:00,285.69,369.53
2029-12-10 11:00,283.73,387.54
2029-12-10 12:00,275.42,390.11
2029-12-10 13:00,270.7,391.13
2029-12-10 14:00,265.45,375.3
2029-12-10 15:00,262.59,344.23
2029-12-10 16:00,259.51,292.17
2029-12-10 17:00,266.19,251.05
2029-12-10 18:00,270.03,250.72
2029-12-10 19:00,261.36,234.44
2029-12-10 20:00,242.49,226.4
2029-12-10 21:00,229.82,228.24
2029-12-10 22:00,220.33,228.12
2029-12-10 23:00,209.56,227.25
2029-12-11 00:00,190.72,225.02
2029-12-11 01:00,184.55,215.44
2029-12-11 02:00,180.72,220.04
2029-12-11 03:00,181.2,222.2
2029-12-11 04:00,183.08,216.44
2029-12-11 05:00,195.4,215.96
2029-12-11 06:00,218.52,217.12
2029-12-11 07:00,242.9,225.58
2029-12-11 08:00,255.32,268.94
2029-12-11 09:00,266.66,318.76
2029-12-11 10:00,272.58,355.42
2029-12-11 11:00,274.77,393.45
2029-12-11 12:00,266.68,396.24
2029-12-11 13:00,255.72,381.55
2029-12-11 14:00,252.71,367.31
2029-12-11 15:00,253.98,334.74
2029-12-11 16:00,251.65,290.54
2029-12-11 17:00,256.26,253.0
2029-12-11 18:00,259.57,248.37
2029-12-11 19:00,253.65,239.31
2029-12-11 20:00,235.05,231.75
2029-12-11 21:00,222.13,233.34
2029-12-11 22:00,211.96,233.59
2029-12-11 23:00,202.47,239.14
2029-12-12 00:00,201.25,257.01
2029-12-12 01:00,196.36,254.01
2029-12-12 02:00,194.27,244.06
2029-12-12 03:00,191.31,242.25
2029-12-12 04:00,192.35,235.7
2029-12-12 05:00,203.38,237.33
2029-12-12 06:00,229.06,240.4
2029-12-12 07:00,252.29,260.88
2029-12-12 08:00,264.48,285.92
2029-12-12 09:00,276.66,333.88
2029-12-12 10:00,276.38,373.04
2029-12-12 11:00,274.17,389.97
2029-12-12 12:00,266.35,395.94
2029-12-12 13:00,253.18,383.44
2029-12-12 14:00,249.7,365.96
2029-12-12 15:00,250.46,329.96
2029-12-12 16:00,252.36,299.91
2029-12-12 17:00,251.95,271.08
2029-12-12 18:00,254.02,259.23
2029-12-12 19:00,245.18,256.15
2029-12-12 20:00,232.79,252.82
2029-12-12 21:00,223.0,246.79
2029-12-12 22:00,211.09,250.5
2029-12-12 23:00,207.71,249.37
2029-12-13 00:00,201.86,251.9
2029-12-13 01:00,202.7,252.94
2029-12-13 02:00,194.15,247.74
2029-12-13 03:00,193.98,246.59
2029-12-13 04:00,198.4,243.26
2029-12-13 05:00,210.4,235.76
2029-12-13 06:00,235.67,243.21
2029-12-13 07:00,257.44,266.55
2029-12-13 08:00,268.17,302.31
2029-12-13 09:00,279.36,349.55
2029-12-13 10:00,283.72,377.06
2029-12-13 11:00,275.53,391.15
2029-12-13 12:00,270.44,403.84
2029-12-13 13:00,261.06,398.67
2029-12-13 14:00,257.25,375.71
2029-12-13 15:00,257.4,339.61
2029-12-13 16:00,252.76,292.74
2029-12-13 17:00,255.35,257.99
2029-12-13 18:00,259.06,259.77
2029-12-13 19:00,252.47,255.93
2029-12-13 20:00,236.0,250.98
2029-12-13 21:00,221.22,250.03
2029-12-13 22:00,207.94,245.83
2029-12-13 23:00,202.71,248.52
2029-12-14 00:00,199.53,234.38
2029-12-14 01:00,193.59,231.91
2029-12-14 02:00,184.6,218.48
2029-12-14 03:00,188.4,223.34
2029-12-14 04:00,195.45,220.38
2029-12-14 05:00,210.53,229.97
2029-12-14 06:00,238.84,240.31
2029-12-14 07:00,265.03,252.77
2029-12-14 08:00,275.08,284.74
2029-12-14 09:00,287.15,328.38
2029-12-14 10:00,287.34,359.28
2029-12-14 11:00,285.08,383.45
2029-12-14 12:00,276.32,388.91
2029-12-14 13:00,264.4,380.57
2029-12-14 14:00,261.85,357.94
2029-12-14 15:00,259.93,322.24
2029-12-14 16:00,255.76,283.65
2029-12-14 17:00,259.53,250.88
2029-12-14 18:00,261.31,245.76
2029-12-14 19:00,253.89,241.43
2029-12-14 20:00,238.43,223.48
2029-12-14 21:00,223.48,221.17
2029-12-14 22:00,215.22,225.43
2029-12-14 23:00,207.35,226.24
2029-12-15 00:00,197.0,232.92
2029-12-15 01:00,191.93,235.99
2029-12-15 02:00,190.3,233.39
2029-12-15 03:00,188.91,229.86
2029-12-15 04:00,194.33,215.23
2029-12-15 05:00,211.4,220.19
2029-12-15 06:00,236.3,227.68
2029-12-15 07:00,261.04,257.28
2029-12-15 08:00,277.89,298.37
2029-12-15 09:00,291.64,352.25
2029-12-15 10:00,290.42,379.96
2029-12-15 11:00,289.56,397.82
2029-12-15 12:00,284.3,408.33
2029-12-15 13:00,273.96,388.85
2029-12-15 14:00,270.95,373.6
2029-12-15 15:00,268.67,338.49
2029-12-15 16:00,262.89,287.35
2029-12-15 17:00,265.33,246.47
2029-12-15 18:00,266.45,244.95
2029-12-15 19:00,255.94,234.62
2029-12-15 20:00,239.39,234.12
2029-12-15 21:00,222.45,226.58
2029-12-15 22:00,213.95,238.5
2029-12-15 23:00,207.7,242.99
2029-12-16 00:00,190.15,233.86
2029-12-16 01:00,186.95,237.69
2029-12-16 02:00,186.49,229.44
2029-12-16 03:00,186.34,223.92
2029-12-16 04:00,191.95,220.43
2029-12-16 05:00,205.39,228.82
2029-12-16 06:00,228.59,235.46
2029-12-16 07:00,251.66,249.74
2029-12-16 08:00,259.43,286.05
2029-12-16 09:00,270.66,322.55
2029-12-16 10:00,277.88,358.2
2029-12-16 11:00,275.48,384.43
2029-12-16 12:00,269.18,394.55
2029-12-16 13:00,257.98,390.05
2029-12-16 14:00,256.35,365.93
2029-12-16 15:00,257.32,333.79
2029-12-16 16:00,255.51,278.79
2029-12-16 17:00,256.64,250.81
2029-12-16 18:00,260.2,257.14
2029-12-16 19:00,252.11,252.68
2029-12-16 20:00,235.1,244.55
2029-12-16 21:00,220.4,240.08
2029-12-16 22:00,207.74,227.13
2029-12-16 23:00,202.65,232.6
2029-12-17 00:00,204.12,247.09
2029-12-17 01:00,195.53,243.88
2029-12-17 02:00,192.33,237.41
2029-12-17 03:00,193.31,245.86
2029-12-17 04:00,202.44,251.22
2029-12-17 05:00,213.92,244.58
2029-12-17 06:00,236.68,248.98
2029-12-17 07:00,262.31,270.63
2029-12-17 08:00,273.49,305.31
2029-12-17 09:00,289.25,349.21
2029-12-17 10:00,291.71,378.73
2029-12-17 11:00,284.21,390.93
2029-12-17 12:00,272.77,396.43
2029-12-17 13:00,261.29,392.12
2029-12-17 14:00,259.33,380.33
2029-12-17 15:00,261.57,355.97
2029-12-17 16:00,258.43,312.29
2029-12-17 17:00,261.34,267.79
2029-12-17 18:00,267.86,265.31
2029-12-17 19:00,259.25,264.21
2029-12-17 20:00,242.45,260.06
2029-12-17 21:00,231.04,272.49
2029-12-17 22:00,215.75,266.92
2029-12-17 23:00,210.69,266.57
2029-12-18 00:00,197.7,260.06
2029-12-18 01:00,192.45,247.92
2029-12-18 02:00,184.39,232.69
2029-12-18 03:00,186.49,232.42
2029-12-18 04:00,191.63,233.81
2029-12-18 05:00,206.74,235.41
2029-12-18 06:00,229.51,246.47
2029-12-18 07:00,251.87,258.75
2029-12-18 08:00,263.79,290.97
2029-12-18 09:00,277.98,335.5
2029-12-18 10:00,277.61,360.52
2029-12-18 11:00,274.91,376.08
2029-12-18 12:00,268.28,395.44
2029-12-18 13:00,260.6,393.34
2029-12-18 14:00,259.08,381.82
2029-12-18 15:00,255.45,344.03
2029-12-18 16:00,252.24,303.24
2029-12-18 17:00,257.0,265.88
2029-12-18 18:00,263.63,254.9
2029-12-18 19:00,257.42,253.33
2029-12-18 20:00,239.43,244.3
2029-12-18 21:00,225.94,250.17
2029-12-18 22:00,216.85,249.41
2029-12-18 23:00,210.83,251.46
2029-12-19 00:00,209.52,277.05
2029-12-19 01:00,200.62,265.5
2029-12-19 02:00,191.7,267.07
2029-12-19 03:00,193.41,268.92
2029-12-19 04:00,198.11,269.38
2029-12-19 05:00,211.49,269.45
2029-12-19 06:00,241.1,276.35
2029-12-19 07:00,263.84,287.21
2029-12-19 08:00,278.97,318.98
2029-12-19 09:00,287.94,362.09
2029-12-19 10:00,290.76,401.83
2029-12-19 11:00,284.24,424.08
2029-12-19 12:00,274.42,427.82
2029-12-19 13:00,264.87,419.45
2029-12-19 14:00,263.66,397.67
2029-12-19 15:00,265.58,363.73
2029-12-19 16:00,261.11,315.68
2029-12-19 17:00,264.94,286.62
2029-12-19 18:00,269.09,272.15
2029-12-19 19:00,260.93,264.9
2029-12-19 20:00,243.57,251.43
2029-12-19 21:00,227.69,250.49
2029-12-19 22:00,217.55,255.22
2029-12-19 23:00,205.46,242.33
2029-12-20 00:00,208.7,233.72
2029-12-20 01:00,205.41,233.98
2029-12-20 02:00,199.38,244.75
2029-12-20 03:00,201.65,250.83
2029-12-20 04:00,211.92,248.73
2029-12-20 05:00,226.13,255.87
2029-12-20 06:00,250.69,255.1
2029-12-20 07:00,276.07,270.99
2029-12-20 08:00,289.53,303.32
2029-12-20 09:00,300.84,358.52
2029-12-20 10:00,303.66,391.66
2029-12-20 11:00,299.04,415.14
2029-12-20 12:00,291.98,417.55
2029-12-20 13:00,282.06,413.98
2029-12-20 14:00,278.26,399.92
2029-12-20 15:00,278.59,363.78
2029-12-20 16:00,275.63,317.81
2029-12-20 17:00,277.0,285.15
2029-12-20 18:00,279.12,284.78
2029-12-20 19:00,270.47,278.95
2029-12-20 20:00,255.04,269.7
2029-12-20 21:00,239.94,249.65
2029-12-20 22:00,231.86,255.76
2029-12-20 23:00,224.62,260.85
2029-12-21 00:00,208.93,261.11
2029-12-21 01:00,203.01,260.3
2029-12-21 02:00,200.45,262.87
2029-12-21 03:00,198.89,260.67
2029-12-21 04:00,205.9,267.5
2029-12-21 05:00,219.78,269.18
2029-12-21 06:00,245.33,274.17
2029-12-21 07:00,267.89,296.64
2029-12-21 08:00,280.38,328.16
2029-12-21 09:00,291.9,369.98
2029-12-21 10:00,294.89,404.57
2029-12-21 11:00,287.09,416.63
2029-12-21 12:00,279.6,430.01
2029-12-21 13:00,269.7,415.68
2029-12-21 14:00,268.36,401.95
2029-12-21 15:00,267.95,380.83
2029-12-21 16:00,264.1,322.49
2029-12-21 17:00,267.8,295.61
2029-12-21 18:00,271.15,285.27
2029-12-21 19:00,263.2,284.05
2029-12-21 20:00,249.0,279.44
2029-12-21 21:00,236.32,280.67
2029-12-21 22:00,225.1,274.07
2029-12-21 23:00,217.29,272.9
2029-12-22 00:00,212.08,268.68
2029-12-22 01:00,206.05,270.77
2029-12-22 02:00,204.26,267.69
2029-12-22 03:00,203.94,270.78
2029-12-22 04:00,208.94,278.12
2029-12-22 05:00,223.58,280.87
2029-12-22 06:00,247.75,278.27
2029-12-22 07:00,273.56,295.69
2029-12-22 08:00,286.84,328.08
2029-12-22 09:00,300.37,371.47
2029-12-22 10:00,303.72,399.96
2029-12-22 11:00,297.35,424.62
2029-12-22 12:00,286.97,432.72
2029-12-22 13:00,282.45,434.92
2029-12-22 14:00,279.9,416.04
2029-12-22 15:00,276.5,380.08
2029-12-22 16:00,270.83,335.68
2029-12-22 17:00,271.28,295.67
2029-12-22 18:00,276.11,285.64
2029-12-22 19:00,264.56,280.87
2029-12-22 20:00,247.73,278.96
2029-12-22 21:00,235.07,273.46
2029-12-22 22:00,221.07,274.5
2029-12-22 23:00,212.73,275.69
2029-12-23 00:00,194.72,245.72
2029-12-23 01:00,188.62,241.72
2029-12-23 02:00,184.04,238.56
2029-12-23 03:00,182.72,242.71
2029-12-23 04:00,190.59,242.09
2029-12-23 05:00,208.03,242.51
2029-12-23 06:00,229.9,252.05
2029-12-23 07:00,254.42,265.51
2029-12-23 08:00,269.52,291.31
2029-12-23 09:00,282.81,332.49
2029-12-23 10:00,286.96,373.99
2029-12-23 11:00,280.31,390.14
2029-12-23 12:00,274.26,397.56
2029-12-23 13:00,262.72,391.98
2029-12-23 14:00,260.53,378.59
2029-12-23 15:00,261.65,356.41
2029-12-23 16:00,255.36,306.74
2029-12-23 17:00,255.51,259.76
2029-12-23 18:00,260.04,258.91
2029-12-23 19:00,252.49,248.25
2029-12-23 20:00,236.53,245.32
2029-12-23 21:00,220.58,237.26
2029-12-23 22:00,210.17,237.57
2029-12-23 23:00,201.05,237.23
2029-12-24 00:00,196.28,214.79
2029-12-24 01:00,192.46,220.67
2029-12-24 02:00,187.79,228.4
2029-12-24 03:00,184.62,226.11
2029-12-24 04:00,189.58,216.99
2029-12-24 05:00,207.72,224.69
2029-12-24 06:00,231.21,222.34
2029-12-24 07:00,256.21,244.43
2029-12-24 08:00,274.62,285.73
2029-12-24 09:00,282.79,320.0
2029-12-24 10:00,289.43,364.21
2029-12-24 11:00,282.02,382.83
2029-12-24 12:00,273.93,382.92
2029-12-24 13:00,263.63,376.91
2029-12-24 14:00,254.44,354.58
2029-12-24 15:00,253.15,326.33
2029-12-24 16:00,251.52,278.13
2029-12-24 17:00,252.66,243.14
2029-12-24 18:00,258.9,227.87
2029-12-24 19:00,250.7,221.96
2029-12-24 20:00,232.98,215.07
2029-12-24 21:00,219.96,214.02
2029-12-24 22:00,208.47,212.46
2029-12-24 23:00,202.53,213.87
2029-12-25 00:00,189.14,206.28
2029-12-25 01:00,188.18,208.93
2029-12-25 02:00,182.79,205.93
2029-12-25 03:00,180.97,204.25
2029-12-25 04:00,183.51,202.46
2029-12-25 05:00,200.9,206.36
2029-12-25 06:00,224.31,212.02
2029-12-25 07:00,249.78,230.64
2029-12-25 08:00,266.71,272.36
2029-12-25 09:00,277.61,310.45
2029-12-25 10:00,281.95,349.39
2029-12-25 11:00,279.12,382.77
2029-12-25 12:00,270.4,379.89
2029-12-25 13:00,260.45,383.69
2029-12-25 14:00,255.92,364.06
2029-12-25 15:00,256.44,341.58
2029-12-25 16:00,252.01,291.71
2029-12-25 17:00,253.1,242.77
2029-12-25 18:00,258.19,227.27
2029-12-25 19:00,246.25,221.4
2029-12-25 20:00,229.37,224.44
2029-12-25 21:00,216.72,231.97
2029-12-25 22:00,206.5,241.62
2029-12-25 23:00,196.84,237.6
2029-12-26 00:00,193.53,249.28
2029-12-26 01:00,189.62,246.12
2029-12-26 02:00,182.22,236.64
2029-12-26 03:00,182.18,234.33
2029-12-26 04:00,184.29,231.94
2029-12-26 05:00,198.68,231.63
2029-12-26 06:00,219.17,231.25
2029-12-26 07:00,247.55,241.42
2029-12-26 08:00,261.6,285.26
2029-12-26 09:00,274.18,330.72
2029-12-26 10:00,275.87,362.7
2029-12-26 11:00,273.84,392.71
2029-12-26 12:00,267.54,391.36
2029-12-26 13:00,258.08,378.83
2029-12-26 14:00,252.64,359.98
2029-12-26 15:00,253.34,329.74
2029-12-26 16:00,252.41,288.99
2029-12-26 17:00,253.8,238.5
2029-12-26 18:00,257.28,231.94
2029-12-26 19:00,252.37,240.07
2029-12-26 20:00,238.17,232.02
2029-12-26 21:00,224.23,238.27
2029-12-26 22:00,211.37,231.26
2029-12-26 23:00,201.81,214.55
2029-12-27 00:00,196.48,213.24
2029-12-27 01:00,191.97,216.19
2029-12-27 02:00,186.24,220.92
2029-12-27 03:00,185.89,216.03
2029-12-27 04:00,190.06,216.02
2029-12-27 05:00,208.78,231.61
2029-12-27 06:00,226.99,238.17
2029-12-27 07:00,252.91,253.03
2029-12-27 08:00,269.5,289.05
2029-12-27 09:00,281.39,335.51
2029-12-27 10:00,282.76,359.67
2029-12-27 11:00,277.58,380.0
2029-12-27 12:00,269.86,380.51
2029-12-27 13:00,261.3,377.99
2029-12-27 14:00,256.83,354.83
2029-12-27 15:00,255.57,325.72
2029-12-27 16:00,253.52,283.34
2029-12-27 17:00,257.11,239.42
2029-12-27 18:00,258.26,226.53
2029-12-27 19:00,251.9,222.75
2029-12-27 20:00,239.0,232.6
2029-12-27 21:00,224.79,230.67
2029-12-27 22:00,216.16,235.9
2029-12-27 23:00,209.6,232.71
2029-12-28 00:00,202.11,244.01
2029-12-28 01:00,198.6,244.33
2029-12-28 02:00,194.25,240.22
2029-12-28 03:00,192.11,234.48
2029-12-28 04:00,193.03,233.86
2029-12-28 05:00,205.29,229.67
2029-12-28 06:00,231.26,244.35
2029-12-28 07:00,258.09,266.32
2029-12-28 08:00,273.82,297.86
2029-12-28 09:00,288.17,344.95
2029-12-28 10:00,284.71,376.66
2029-12-28 11:00,278.57,395.2
2029-12-28 12:00,274.66,409.94
2029-12-28 13:00,266.05,403.74
2029-12-28 14:00,260.72,387.31
2029-12-28 15:00,261.15,362.1
2029-12-28 16:00,256.11,313.34
2029-12-28 17:00,258.27,278.78
2029-12-28 18:00,264.82,259.41
2029-12-28 19:00,258.81,256.34
2029-12-28 20:00,244.46,254.44
2029-12-28 21:00,228.1,248.37
2029-12-28 22:00,218.36,247.97
2029-12-28 23:00,209.07,246.1
2029-12-29 00:00,207.08,235.44
2029-12-29 01:00,199.57,239.57
2029-12-29 02:00,191.88,232.66
2029-12-29 03:00,191.1,226.45
2029-12-29 04:00,194.6,219.22
2029-12-29 05:00,209.97,214.52
2029-12-29 06:00,235.51,231.47
2029-12-29 07:00,260.76,250.41
2029-12-29 08:00,275.07,290.66
2029-12-29 09:00,284.0,328.69
2029-12-29 10:00,288.85,361.45
2029-12-29 11:00,283.56,381.66
2029-12-29 12:00,274.92,379.53
2029-12-29 13:00,267.18,389.01
2029-12-29 14:00,267.47,377.69
2029-12-29 15:00,266.06,349.67
2029-12-29 16:00,261.32,300.79
2029-12-29 17:00,259.92,260.36
2029-12-29 18:00,262.98,251.44
2029-12-29 19:00,258.79,242.71
2029-12-29 20:00,243.09,238.12
2029-12-29 21:00,229.27,235.8
2029-12-29 22:00,217.62,227.9
2029-12-29 23:00,205.38,223.03
2029-12-30 00:00,215.96,249.49
2029-12-30 01:00,212.4,245.14
2029-12-30 02:00,210.17,245.6
2029-12-30 03:00,209.28,248.66
2029-12-30 04:00,212.28,247.95
2029-12-30 05:00,229.47,251.39
2029-12-30 06:00,249.59,256.26
2029-12-30 07:00,276.34,276.03
2029-12-30 08:00,291.68,315.21
2029-12-30 09:00,304.79,363.87
2029-12-30 10:00,308.65,400.02
2029-12-30 11:00,300.91,415.94
2029-12-30 12:00,292.18,413.9
2029-12-30 13:00,283.46,411.48
2029-12-30 14:00,281.36,399.7
2029-12-30 15:00,279.57,370.6
2029-12-30 16:00,278.51,330.02
2029-12-30 17:00,278.3,282.7
2029-12-30 18:00,277.48,263.26
2029-12-30 19:00,274.12,262.03
2029-12-30 20:00,259.72,255.99
2029-12-30 21:00,246.81,261.21
2029-12-30 22:00,233.67,256.21
2029-12-30 23:00,223.22,261.35
2029-12-31 00:00,217.45,263.97
2029-12-31 01:00,210.87,259.26
2029-12-31 02:00,206.29,262.73
2029-12-31 03:00,204.05,254.91
2029-12-31 04:00,210.03,261.62
2029-12-31 05:00,226.74,269.29
2029-12-31 06:00,247.84,276.03
2029-12-31 07:00,274.2,290.56
2029-12-31 08:00,287.12,325.33
2029-12-31 09:00,295.57,354.25
2029-12-31 10:00,301.99,385.11
2029-12-31 11:00,295.88,398.36
2029-12-31 12:00,289.06,411.44
2029-12-31 13:00,279.88,417.91
2029-12-31 14:00,278.41,406.27
2029-12-31 15:00,272.12,364.52
2029-12-31 16:00,269.93,323.99
2029-12-31 17:00,267.55,281.86
2029-12-31 18:00,268.5,267.88
2029-12-31 19:00,262.49,265.86
2029-12-31 20:00,245.89,260.02
2029-12-31 21:00,236.09,269.21
2029-12-31 22:00,226.12,272.61
2029-12-31 23:00,217.95,269.36
2030-01-01 00:00,209.37,267.44
2030-01-01 01:00,206.0,262.8
2030-01-01 02:00,202.1,253.12
2030-01-01 03:00,199.67,251.08
2030-01-01 04:00,205.7,249.18
2030-01-01 05:00,219.1,244.27
2030-01-01 06:00,241.85,251.46
2030-01-01 07:00,269.97,275.91
2030-01-01 08:00,285.17,302.41
2030-01-01 09:00,300.82,349.95
2030-01-01 10:00,304.34,387.82
2030-01-01 11:00,299.61,416.34
2030-01-01 12:00,290.92,419.65
2030-01-01 13:00,276.47,406.31
2030-01-01 14:00,275.49,392.51
2030-01-01 15:00,274.57,363.55
2030-01-01 16:00,272.09,324.29
2030-01-01 17:00,274.41,274.27
2030-01-01 18:00,277.0,262.61
2030-01-01 19:00,270.81,264.6
2030-01-01 20:00,253.02,256.31
2030-01-01 21:00,243.04,255.08
2030-01-01 22:00,231.07,258.25
2030-01-01 23:00,222.28,264.39
2030-01-02 00:00,212.52,258.45
2030-01-02 01:00,206.94,263.09
2030-01-02 02:00,206.05,262.06
2030-01-02 03:00,206.71,258.71
2030-01-02 04:00,209.75,251.46
2030-01-02 05:00,220.63,251.95
2030-01-02 06:00,246.14,256.79
2030-01-02 07:00,270.47,264.24
2030-01-02 08:00,285.26,302.71
2030-01-02 09:00,296.25,349.22
2030-01-02 10:00,299.38,377.15
2030-01-02 11:00,296.88,404.15
2030-01-02 12:00,285.82,415.09
2030-01-02 13:00,274.32,406.09
2030-01-02 14:00,271.1,388.0
2030-01-02 15:00,271.51,349.41
2030-01-02 16:00,268.48,297.51
2030-01-02 17:00,266.98,250.85
2030-01-02 18:00,272.43,239.3
2030-01-02 19:00,266.46,242.85
2030-01-02 20:00,249.88,235.3
2030-01-02 21:00,237.56,236.44
2030-01-02 22:00,228.98,243.07
2030-01-02 23:00,220.33,246.1
2030-01-03 00:00,209.18,259.75
2030-01-03 01:00,202.99,250.23
2030-01-03 02:00,199.38,256.28
2030-01-03 03:00,199.41,265.79
2030-01-03 04:00,208.64,275.89
2030-01-03 05:00,219.65,274.23
2030-01-03 06:00,245.52,275.46
2030-01-03 07:00,271.67,297.4
2030-01-03 08:00,287.81,334.21
2030-01-03 09:00,298.43,380.27
2030-01-03 10:00,300.4,414.85
2030-01-03 11:00,295.62,437.84
2030-01-03 12:00,287.72,444.24
2030-01-03 13:00,275.16,437.78
2030-01-03 14:00,273.59,425.24
2030-01-03 15:00,268.39,389.2
2030-01-03 16:00,264.04,339.38
2030-01-03 17:00,261.02,287.48
2030-01-03 18:00,264.0,273.26
2030-01-03 19:00,257.61,252.94
2030-01-03 20:00,242.27,247.29
2030-01-03 21:00,232.89,250.42
2030-01-03 22:00,222.91,259.62
2030-01-03 23:00,217.83,254.55
2030-01-04 00:00,204.65,232.38
2030-01-04 01:00,195.63,226.79
2030-01-04 02:00,191.93,226.53
2030-01-04 03:00,191.14,226.22
2030-01-04 04:00,197.11,225.9
2030-01-04 05:00,213.52,236.38
2030-01-04 06:00,237.78,239.79
2030-01-04 07:00,263.92,254.04
2030-01-04 08:00,279.6,296.37
2030-01-04 09:00,292.21,356.29
2030-01-04 10:00,296.59,385.01
2030-01-04 11:00,291.01,408.89
2030-01-04 12:00,281.11,413.04
2030-01-04 13:00,273.17,407.66
2030-01-04 14:00,265.62,395.82
2030-01-04 15:00,262.78,360.75
2030-01-04 16:00,257.49,308.43
2030-01-04 17:00,256.19,264.34
2030-01-04 18:00,259.88,256.29
2030-01-04 19:00,255.07,258.27
2030-01-04 20:00,241.66,252.56
2030-01-04 21:00,229.85,253.27
2030-01-04 22:00,218.9,252.36
2030-01-04 23:00,210.26,248.61
2030-01-05 00:00,196.28,235.46
2030-01-05 01:00,189.14,225.21
2030-01-05 02:00,178.78,211.31
2030-01-05 03:00,179.51,210.53
2030-01-05 04:00,184.22,208.64
2030-01-05 05:00,200.9,213.21
2030-01-05 06:00,223.47,216.98
2030-01-05 07:00,249.81,229.87
2030-01-05 08:00,267.0,269.21
2030-01-05 09:00,284.06,338.06
2030-01-05 10:00,284.26,372.64
2030-01-05 11:00,280.04,397.3
2030-01-05 12:00,273.7,407.23
2030-01-05 13:00,264.68,409.84
2030-01-05 14:00,260.45,396.33
2030-01-05 15:00,262.13,371.86
2030-01-05 16:00,255.35,321.85
2030-01-05 17:00,253.41,273.82
2030-01-05 18:00,259.83,269.41
2030-01-05 19:00,255.62,259.36
2030-01-05 20:00,241.12,245.9
2030-01-05 21:00,227.51,251.18
2030-01-05 22:00,217.79,253.47
2030-01-05 23:00,207.09,247.98
2030-01-06 00:00,205.82,268.1
2030-01-06 01:00,200.74,260.27
2030-01-06 02:00,196.44,253.76
2030-01-06 03:00,196.46,250.41
2030-01-06 04:00,200.07,251.22
2030-01-06 05:00,213.74,242.11
2030-01-06 06:00,241.19,242.89
2030-01-06 07:00,270.22,258.24
2030-01-06 08:00,280.21,284.09
2030-01-06 09:00,289.56,330.58
2030-01-06 10:00,291.21,372.61
2030-01-06 11:00,285.89,390.4
2030-01-06 12:00,279.03,404.49
2030-01-06 13:00,266.12,407.2
2030-01-06 14:00,263.1,398.19
2030-01-06 15:00,264.19,368.04
2030-01-06 16:00,256.39,314.21
2030-01-06 17:00,255.33,267.16
2030-01-06 18:00,259.86,254.75
2030-01-06 19:00,254.93,241.03
2030-01-06 20:00,243.36,240.13
2030-01-06 21:00,231.87,254.41
2030-01-06 22:00,218.85,249.94
2030-01-06 23:00,208.8,248.02
2030-01-07 00:00,204.93,246.92
2030-01-07 01:00,196.5,234.46
2030-01-07 02:00,193.88,239.0
2030-01-07 03:00,195.7,250.57
2030-01-07 04:00,201.4,246.03
2030-01-07 05:00,214.73,242.71
2030-01-07 06:00,237.99,246.79
2030-01-07 07:00,265.53,258.53
2030-01-07 08:00,284.53,296.31
2030-01-07 09:00,293.83,343.0
2030-01-07 10:00,296.36,389.18
2030-01-07 11:00,293.85,407.93
2030-01-07 12:00,284.73,420.06
2030-01-07 13:00,273.05,421.19
2030-01-07 14:00,272.37,410.66
2030-01-07 15:00,271.14,384.26
2030-01-07 16:00,268.64,338.32
2030-01-07 17:00,270.95,294.59
2030-01-07 18:00,271.82,276.83
2030-01-07 19:00,262.87,264.36
2030-01-07 20:00,253.38,263.95
2030-01-07 21:00,236.83,266.73
2030-01-07 22:00,224.38,265.5
2030-01-07 23:00,217.91,262.41
2030-01-08 00:00,201.33,256.51
2030-01-08 01:00,194.35,248.41
2030-01-08 02:00,192.16,248.8
2030-01-08 03:00,192.16,257.32
2030-01-08 04:00,191.82,248.33
2030-01-08 05:00,203.55,251.13
2030-01-08 06:00,234.96,262.95
2030-01-08 07:00,259.83,280.97
2030-01-08 08:00,274.61,317.16
2030-01-08 09:00,288.48,366.09
2030-01-08 10:00,294.56,407.6
2030-01-08 11:00,289.91,429.09
2030-01-08 12:00,283.64,441.06
2030-01-08 13:00,275.5,442.64
2030-01-08 14:00,272.19,428.25
2030-01-08 15:00,271.56,388.64
2030-01-08 16:00,272.14,341.73
2030-01-08 17:00,268.61,282.06
2030-01-08 18:00,271.45,261.37
2030-01-08 19:00,263.96,256.02
2030-01-08 20:00,249.96,256.07
2030-01-08 21:00,237.0,255.5
2030-01-08 22:00,225.8,256.22
2030-01-08 23:00,214.87,252.91
2030-01-09 00:00,206.12,251.15
2030-01-09 01:00,204.25,244.46
2030-01-09 02:00,199.99,255.01
2030-01-09 03:00,200.31,260.76
2030-01-09 04:00,205.58,259.51
2030-01-09 05:00,218.7,257.66
2030-01-09 06:00,241.12,263.31
2030-01-09 07:00,264.12,275.16
2030-01-09 08:00,277.62,308.39
2030-01-09 09:00,291.16,369.79
2030-01-09 10:00,293.71,407.87
2030-01-09 11:00,286.55,429.72
2030-01-09 12:00,281.62,438.32
2030-01-09 13:00,273.03,432.35
2030-01-09 14:00,269.98,416.42
2030-01-09 15:00,265.84,379.13
2030-01-09 16:00,262.16,338.19
2030-01-09 17:00,264.04,289.34
2030-01-09 18:00,267.69,264.69
2030-01-09 19:00,261.03,261.01
2030-01-09 20:00,246.85,254.25
2030-01-09 21:00,234.33,257.94
2030-01-09 22:00,223.52,255.38
2030-01-09 23:00,215.68,250.26
2030-01-10 00:00,216.4,243.95
2030-01-10 01:00,210.42,243.0
2030-01-10 02:00,207.25,245.49
2030-01-10 03:00,206.13,254.68
2030-01-10 04:00,213.57,265.06
2030-01-10 05:00,223.41,254.59
2030-01-10 06:00,246.94,264.44
2030-01-10 07:00,275.35,278.25
2030-01-10 08:00,289.64,319.36
2030-01-10 09:00,304.15,361.83
2030-01-10 10:00,308.18,403.86
2030-01-10 11:00,301.09,416.66
2030-01-10 12:00,290.11,413.22
2030-01-10 13:00,276.37,413.98
2030-01-10 14:00,266.77,396.25
2030-01-10 15:00,265.59,366.14
2030-01-10 16:00,261.83,324.05
2030-01-10 17:00,263.93,274.1
2030-01-10 18:00,265.04,255.08
2030-01-10 19:00,259.87,250.87
2030-01-10 20:00,245.59,255.74
2030-01-10 21:00,234.4,257.75
2030-01-10 22:00,226.35,260.11
2030-01-10 23:00,212.99,250.1
2030-01-11 00:00,195.48,234.4
2030-01-11 01:00,195.39,240.73
2030-01-11 02:00,193.28,238.77
2030-01-11 03:00,194.23,243.42
2030-01-11 04:00,200.0,246.91
2030-01-11 05:00,214.75,247.38
2030-01-11 06:00,242.42,248.66
2030-01-11 07:00,269.74,270.29
2030-01-11 08:00,283.48,308.33
2030-01-11 09:00,294.24,354.43
2030-01-11 10:00,294.74,389.76
2030-01-11 11:00,292.36,414.06
2030-01-11 12:00,285.39,425.16
2030-01-11 13:00,274.74,420.08
2030-01-11 14:00,270.12,402.07
2030-01-11 15:00,268.45,362.18
2030-01-11 16:00,265.02,315.85
2030-01-11 17:00,264.2,275.03
2030-01-11 18:00,268.42,253.7
2030-01-11 19:00,263.69,249.41
2030-01-11 20:00,254.38,251.02
2030-01-11 21:00,241.29,253.22
2030-01-11 22:00,226.98,247.52
2030-01-11 23:00,217.44,249.99
2030-01-12 00:00,224.87,275.05
2030-01-12 01:00,218.91,274.89
2030-01-12 02:00,214.33,267.68
2030-01-12 03:00,214.28,263.64
2030-01-12 04:00,218.04,270.94
2030-01-12 05:00,230.08,260.99
2030-01-12 06:00,256.32,259.47
2030-01-12 07:00,284.03,274.37
2030-01-12 08:00,300.79,312.12
2030-01-12 09:00,313.85,366.74
2030-01-12 10:00,316.89,406.91
2030-01-12 11:00,311.78,435.15
2030-01-12 12:00,304.35,444.64
2030-01-12 13:00,293.12,446.42
2030-01-12 14:00,289.57,434.82
2030-01-12 15:00,287.55,398.4
2030-01-12 16:00,281.21,349.12
2030-01-12 17:00,280.13,294.79
2030-01-12 18:00,280.38,274.47
2030-01-12 19:00,275.74,271.39
2030-01-12 20:00,260.88,265.09
2030-01-12 21:00,244.27,267.62
2030-01-12 22:00,236.52,269.08
2030-01-12 23:00,230.46,267.44
2030-01-13 00:00,219.99,273.15
2030-01-13 01:00,213.55,271.26
2030-01-13 02:00,208.76,266.89
2030-01-13 03:00,202.16,255.8
2030-01-13 04:00,206.03,253.4
2030-01-13 05:00,223.18,257.65
2030-01-13 06:00,248.31,269.3
2030-01-13 07:00,277.63,287.14
2030-01-13 08:00,291.47,330.26
2030-01-13 09:00,305.33,377.33
2030-01-13 10:00,309.15,413.1
2030-01-13 11:00,305.43,447.18
2030-01-13 12:00,293.19,449.4
2030-01-13 13:00,281.54,449.11
2030-01-13 14:00,277.77,430.03
2030-01-13 15:00,277.62,403.92
2030-01-13 16:00,274.43,361.71
2030-01-13 17:00,272.65,310.23
2030-01-13 18:00,279.13,291.32
2030-01-13 19:00,278.45,278.23
2030-01-13 20:00,263.69,280.24
2030-01-13 21:00,246.83,276.89
2030-01-13 22:00,238.34,281.67
2030-01-13 23:00,229.64,278.14
2030-01-14 00:00,207.68,260.46
2030-01-14 01:00,202.88,271.14
2030-01-14 02:00,201.52,267.64
2030-01-14 03:00,196.91,261.63
2030-01-14 04:00,199.73,257.17
2030-01-14 05:00,215.96,259.87
2030-01-14 06:00,240.83,268.13
2030-01-14 07:00,265.97,281.74
2030-01-14 08:00,280.43,318.23
2030-01-14 09:00,294.19,372.16
2030-01-14 10:00,298.87,410.67
2030-01-14 11:00,290.49,430.67
2030-01-14 12:00,281.67,438.71
2030-01-14 13:00,272.97,427.2
2030-01-14 14:00,268.43,410.34
2030-01-14 15:00,266.87,386.99
2030-01-14 16:00,265.03,341.5
2030-01-14 17:00,263.8,285.04
2030-01-14 18:00,267.55,267.22
2030-01-14 19:00,259.54,261.61
2030-01-14 20:00,245.96,263.08
2030-01-14 21:00,229.99,256.45
2030-01-14 22:00,217.37,259.71
2030-01-14 23:00,208.64,263.51
2030-01-15 00:00,199.49,263.85
2030-01-15 01:00,196.99,265.06
2030-01-15 02:00,192.34,262.87
2030-01-15 03:00,195.0,259.98
2030-01-15 04:00,203.76,260.94
2030-01-15 05:00,216.38,260.53
2030-01-15 06:00,242.62,267.86
2030-01-15 07:00,269.06,282.16
2030-01-15 08:00,281.04,316.76
2030-01-15 09:00,295.11,357.78
2030-01-15 10:00,299.49,400.9
2030-01-15 11:00,288.44,420.8
2030-01-15 12:00,280.53,429.27
2030-01-15 13:00,269.82,430.51
2030-01-15 14:00,266.54,424.56
2030-01-15 15:00,270.63,392.96
2030-01-15 16:00,267.03,340.05
2030-01-15 17:00,262.62,290.94
2030-01-15 18:00,266.66,276.17
2030-01-15 19:00,260.56,273.9
2030-01-15 20:00,246.78,272.08
2030-01-15 21:00,233.17,270.77
2030-01-15 22:00,221.26,267.51
2030-01-15 23:00,212.61,270.07
2030-01-16 00:00,204.3,257.48
2030-01-16 01:00,200.21,252.39
2030-01-16 02:00,193.66,257.38
2030-01-16 03:00,191.24,248.55
2030-01-16 04:00,194.39,254.2
2030-01-16 05:00,208.44,244.56
2030-01-16 06:00,231.73,257.36
2030-01-16 07:00,261.12,278.83
2030-01-16 08:00,269.03,301.84
2030-01-16 09:00,285.05,353.02
2030-01-16 10:00,293.42,395.36
2030-01-16 11:00,284.61,420.97
2030-01-16 12:00,275.76,419.4
2030-01-16 13:00,264.98,414.73
2030-01-16 14:00,260.37,403.98
2030-01-16 15:00,257.93,386.65
2030-01-16 16:00,252.26,337.64
2030-01-16 17:00,251.59,279.59
2030-01-16 18:00,256.69,255.99
2030-01-16 19:00,255.47,253.54
2030-01-16 20:00,240.64,253.73
2030-01-16 21:00,228.37,250.47
2030-01-16 22:00,216.56,263.53
2030-01-16 23:00,204.21,260.89
2030-01-17 00:00,191.59,254.07
2030-01-17 01:00,185.54,251.68
2030-01-17 02:00,181.78,248.98
2030-01-17 03:00,180.82,247.49
2030-01-17 04:00,185.2,236.79
2030-01-17 05:00,199.74,245.92
2030-01-17 06:00,223.83,244.28
2030-01-17 07:00,251.48,259.94
2030-01-17 08:00,269.4,305.98
2030-01-17 09:00,279.39,358.66
2030-01-17 10:00,283.53,396.39
2030-01-17 11:00,277.32,420.53
2030-01-17 12:00,270.71,429.46
2030-01-17 13:00,263.64,426.82
2030-01-17 14:00,259.2,414.34
2030-01-17 15:00,255.24,385.71
2030-01-17 16:00,249.75,336.17
2030-01-17 17:00,247.98,286.68
2030-01-17 18:00,250.83,265.48
2030-01-17 19:00,246.83,261.6
2030-01-17 20:00,232.93,257.43
2030-01-17 21:00,219.33,248.94
2030-01-17 22:00,207.79,255.35
2030-01-17 23:00,198.29,254.18
2030-01-18 00:00,208.31,262.86
2030-01-18 01:00,202.31,259.47
2030-01-18 02:00,196.04,253.86
2030-01-18 03:00,195.45,255.18
2030-01-18 04:00,198.51,247.41
2030-01-18 05:00,213.56,252.98
2030-01-18 06:00,238.14,261.44
2030-01-18 07:00,268.38,285.11
2030-01-18 08:00,286.08,322.84
2030-01-18 09:00,298.0,367.59
2030-01-18 10:00,300.71,400.91
2030-01-18 11:00,293.82,423.6
2030-01-18 12:00,288.39,421.06
2030-01-18 13:00,275.71,415.15
2030-01-18 14:00,269.83,397.47
2030-01-18 15:00,268.7,374.99
2030-01-18 16:00,265.77,332.58
2030-01-18 17:00,266.37,292.21
2030-01-18 18:00,268.89,257.8
2030-01-18 19:00,266.15,256.65
2030-01-18 20:00,247.95,248.85
2030-01-18 21:00,233.89,258.0
2030-01-18 22:00,226.41,262.0
2030-01-18 23:00,218.64,264.86
2030-01-19 00:00,209.85,267.85
2030-01-19 01:00,204.52,254.34
2030-01-19 02:00,195.44,243.38
2030-01-19 03:00,195.94,243.36
2030-01-19 04:00,196.7,237.35
2030-01-19 05:00,210.43,240.71
2030-01-19 06:00,236.99,245.76
2030-01-19 07:00,262.79,266.41
2030-01-19 08:00,278.54,312.96
2030-01-19 09:00,293.22,369.98
2030-01-19 10:00,293.79,406.43
2030-01-19 11:00,288.78,425.59
2030-01-19 12:00,283.43,425.54
2030-01-19 13:00,271.95,423.15
2030-01-19 14:00,265.52,408.13
2030-01-19 15:00,265.63,382.31
2030-01-19 16:00,264.98,326.67
2030-01-19 17:00,265.08,280.64
2030-01-19 18:00,264.94,255.51
2030-01-19 19:00,261.11,250.83
2030-01-19 20:00,245.38,253.66
2030-01-19 21:00,232.87,261.07
2030-01-19 22:00,218.17,259.13
2030-01-19 23:00,211.28,263.33
2030-01-20 00:00,209.04,265.49
2030-01-20 01:00,208.83,271.89
2030-01-20 02:00,208.06,265.02
2030-01-20 03:00,210.49,276.33
2030-01-20 04:00,213.52,262.98
2030-01-20 05:00,229.04,267.35
2030-01-20 06:00,254.05,270.95
2030-01-20 07:00,282.83,289.2
2030-01-20 08:00,294.19,313.98
2030-01-20 09:00,303.28,363.97
2030-01-20 10:00,300.18,389.4
2030-01-20 11:00,295.87,413.69
2030-01-20 12:00,285.19,414.51
2030-01-20 13:00,274.15,415.12
2030-01-20 14:00,270.68,405.89
2030-01-20 15:00,271.87,386.06
2030-01-20 16:00,271.38,340.85
2030-01-20 17:00,268.28,286.55
2030-01-20 18:00,271.19,255.46
2030-01-20 19:00,268.88,254.85
2030-01-20 20:00,254.88,252.59
2030-01-20 21:00,235.63,259.03
2030-01-20 22:00,229.38,274.88
2030-01-20 23:00,221.2,274.72
2030-01-21 00:00,200.73,255.41
2030-01-21 01:00,193.07,245.93
2030-01-21 02:00,190.37,234.96
2030-01-21 03:00,189.05,237.66
2030-01-21 04:00,193.61,244.67
2030-01-21 05:00,212.81,243.25
2030-01-21 06:00,234.63,239.26
2030-01-21 07:00,262.88,250.71
2030-01-21 08:00,278.05,289.69
2030-01-21 09:00,288.53,332.02
2030-01-21 10:00,288.54,376.88
2030-01-21 11:00,283.9,400.34
2030-01-21 12:00,274.09,402.13
2030-01-21 13:00,264.52,403.22
2030-01-21 14:00,260.96,381.6
2030-01-21 15:00,259.63,355.64
2030-01-21 16:00,254.59,317.93
2030-01-21 17:00,251.82,263.93
2030-01-21 18:00,255.6,240.24
2030-01-21 19:00,254.15,237.52
2030-01-21 20:00,240.95,232.6
2030-01-21 21:00,229.28,234.37
2030-01-21 22:00,221.05,242.12
2030-01-21 23:00,213.15,246.78
2030-01-22 00:00,208.49,247.58
2030-01-22 01:00,202.52,251.66
2030-01-22 02:00,201.98,247.67
2030-01-22 03:00,203.24,245.97
2030-01-22 04:00,206.02,249.81
2030-01-22 05:00,222.27,260.0
2030-01-22 06:00,242.42,262.56
2030-01-22 07:00,270.78,276.86
2030-01-22 08:00,286.21,315.17
2030-01-22 09:00,299.5,368.19
2030-01-22 10:00,301.11,406.89
2030-01-22 11:00,296.6,422.97
2030-01-22 12:00,289.36,430.47
2030-01-22 13:00,276.0,427.44
2030-01-22 14:00,272.01,419.06
2030-01-22 15:00,268.76,390.0
2030-01-22 16:00,265.39,346.06
2030-01-22 17:00,260.58,289.7
2030-01-22 18:00,261.24,261.92
2030-01-22 19:00,260.1,256.25
2030-01-22 20:00,250.7,259.97
2030-01-22 21:00,241.16,258.68
2030-01-22 22:00,227.89,259.08
2030-01-22 23:00,214.37,248.95
2030-01-23 00:00,221.32,258.03
2030-01-23 01:00,217.99,256.59
2030-01-23 02:00,215.52,263.8
2030-01-23 03:00,211.15,257.95
2030-01-23 04:00,214.06,262.14
2030-01-23 05:00,229.72,259.13
2030-01-23 06:00,252.33,278.04
2030-01-23 07:00,278.11,284.05
2030-01-23 08:00,293.71,322.75
2030-01-23 09:00,305.25,369.94
2030-01-23 10:00,308.27,405.97
2030-01-23 11:00,306.3,426.81
2030-01-23 12:00,295.11,443.65
2030-01-23 13:00,286.03,440.5
2030-01-23 14:00,283.61,424.68
2030-01-23 15:00,278.42,390.68
2030-01-23 16:00,275.45,345.11
2030-01-23 17:00,272.37,294.53
2030-01-23 18:00,273.51,265.59
2030-01-23 19:00,265.84,262.61
2030-01-23 20:00,253.44,251.85
2030-01-23 21:00,242.39,251.93
2030-01-23 22:00,237.51,258.42
2030-01-23 23:00,228.07,256.22
2030-01-24 00:00,212.97,252.63
2030-01-24 01:00,206.45,247.2
2030-01-24 02:00,200.99,255.34
2030-01-24 03:00,198.83,253.13
2030-01-24 04:00,202.18,243.35
2030-01-24 05:00,216.27,251.12
2030-01-24 06:00,238.65,249.45
2030-01-24 07:00,266.1,267.56
2030-01-24 08:00,282.12,300.68
2030-01-24 09:00,298.31,365.19
2030-01-24 10:00,303.84,402.21
2030-01-24 11:00,303.36,433.61
2030-01-24 12:00,296.02,441.36
2030-01-24 13:00,287.83,444.37
2030-01-24 14:00,284.2,435.55
2030-01-24 15:00,274.96,400.41
2030-01-24 16:00,273.41,349.78
2030-01-24 17:00,270.41,293.82
2030-01-24 18:00,270.87,267.27
2030-01-24 19:00,267.98,260.59
2030-01-24 20:00,253.45,242.76
2030-01-24 21:00,239.82,246.58
2030-01-24 22:00,232.84,258.05
2030-01-24 23:00,224.33,258.03
2030-01-25 00:00,221.47,259.13
2030-01-25 01:00,218.63,262.23
2030-01-25 02:00,211.24,262.19
2030-01-25 03:00,210.2,247.5
2030-01-25 04:00,212.39,242.23
2030-01-25 05:00,223.5,233.31
2030-01-25 06:00,248.19,239.71
2030-01-25 07:00,270.71,257.77
2030-01-25 08:00,287.47,307.97
2030-01-25 09:00,300.18,358.64
2030-01-25 10:00,304.61,395.41
2030-01-25 11:00,299.71,421.1
2030-01-25 12:00,296.14,432.06
2030-01-25 13:00,285.7,432.91
2030-01-25 14:00,282.49,421.88
2030-01-25 15:00,280.57,390.58
2030-01-25 16:00,277.63,341.16
2030-01-25 17:00,271.85,281.85
2030-01-25 18:00,270.97,252.3
2030-01-25 19:00,268.91,258.61
2030-01-25 20:00,253.68,244.15
2030-01-25 21:00,239.79,248.01
2030-01-25 22:00,230.72,241.59
2030-01-25 23:00,225.83,252.13
2030-01-26 00:00,211.95,250.79
2030-01-26 01:00,209.98,249.55
2030-01-26 02:00,204.46,251.27
2030-01-26 03:00,201.22,248.52
2030-01-26 04:00,207.43,246.59
2030-01-26 05:00,218.93,244.0
2030-01-26 06:00,241.54,246.32
2030-01-26 07:00,265.26,253.61
2030-01-26 08:00,280.8,302.06
2030-01-26 09:00,294.32,351.87
2030-01-26 10:00,299.78,398.44
2030-01-26 11:00,293.96,421.29
2030-01-26 12:00,284.89,421.59
2030-01-26 13:00,272.13,415.65
2030-01-26 14:00,266.57,403.43
2030-01-26 15:00,266.76,383.88
2030-01-26 16:00,262.53,343.06
2030-01-26 17:00,261.53,292.56
2030-01-26 18:00,262.79,266.29
2030-01-26 19:00,258.86,261.2
2030-01-26 20:00,245.05,246.86
2030-01-26 21:00,232.61,246.46
2030-01-26 22:00,224.72,251.8
2030-01-26 23:00,213.59,254.43
2030-01-27 00:00,210.01,255.74
2030-01-27 01:00,204.24,253.47
2030-01-27 02:00,200.46,253.45
2030-01-27 03:00,199.31,258.43
2030-01-27 04:00,200.06,255.01
2030-01-27 05:00,213.9,252.75
2030-01-27 06:00,234.52,256.62
2030-01-27 07:00,260.44,272.95
2030-01-27 08:00,276.62,306.46
2030-01-27 09:00,288.64,349.91
2030-01-27 10:00,293.38,400.24
2030-01-27 11:00,288.18,427.17
2030-01-27 12:00,284.94,437.45
2030-01-27 13:00,273.21,427.14
2030-01-27 14:00,270.77,422.84
2030-01-27 15:00,269.8,398.34
2030-01-27 16:00,266.92,350.21
2030-01-27 17:00,261.2,290.44
2030-01-27 18:00,264.85,264.45
2030-01-27 19:00,261.04,259.15
2030-01-27 20:00,246.99,255.1
2030-01-27 21:00,234.3,253.73
2030-01-27 22:00,226.51,256.07
2030-01-27 23:00,217.31,259.89
2030-01-28 00:00,209.86,244.34
2030-01-28 01:00,202.51,240.23
2030-01-28 02:00,204.82,256.05
2030-01-28 03:00,202.76,252.97
2030-01-28 04:00,204.18,241.85
2030-01-28 05:00,220.88,247.43
2030-01-28 06:00,241.56,252.69
2030-01-28 07:00,267.23,263.37
2030-01-28 08:00,278.37,301.19
2030-01-28 09:00,291.9,355.4
2030-01-28 10:00,300.25,402.14
2030-01-28 11:00,291.89,410.97
2030-01-28 12:00,285.15,412.28
2030-01-28 13:00,275.8,420.22
2030-01-28 14:00,269.26,405.28
2030-01-28 15:00,269.63,373.45
2030-01-28 16:00,264.05,322.24
2030-01-28 17:00,261.31,266.87
2030-01-28 18:00,269.58,242.56
2030-01-28 19:00,262.48,241.57
2030-01-28 20:00,245.86,223.08
2030-01-28 21:00,234.06,226.81
2030-01-28 22:00,225.19,234.69
2030-01-28 23:00,214.45,240.12
2030-01-29 00:00,212.81,231.08
2030-01-29 01:00,212.27,250.64
2030-01-29 02:00,211.11,253.58
2030-01-29 03:00,206.95,243.34
2030-01-29 04:00,211.43,247.16
2030-01-29 05:00,226.87,241.55
2030-01-29 06:00,251.95,245.72
2030-01-29 07:00,275.51,255.69
2030-01-29 08:00,291.26,295.63
2030-01-29 09:00,304.2,349.28
2030-01-29 10:00,308.03,393.52
2030-01-29 11:00,301.49,404.48
2030-01-29 12:00,293.37,415.46
2030-01-29 13:00,281.1,417.4
2030-01-29 14:00,279.86,410.06
2030-01-29 15:00,280.84,374.61
2030-01-29 16:00,276.58,328.11
2030-01-29 17:00,274.72,280.56
2030-01-29 18:00,275.47,253.94
2030-01-29 19:00,268.73,248.67
2030-01-29 20:00,259.19,254.09
2030-01-29 21:00,242.07,237.23
2030-01-29 22:00,235.29,231.03
2030-01-29 23:00,223.86,229.23
2030-01-30 00:00,218.21,244.44
2030-01-30 01:00,212.78,239.07
2030-01-30 02:00,207.32,236.32
2030-01-30 03:00,204.92,234.69
2030-01-30 04:00,209.0,236.19
2030-01-30 05:00,225.49,240.28
2030-01-30 06:00,245.65,239.51
2030-01-30 07:00,272.64,256.94
2030-01-30 08:00,286.36,299.32
2030-01-30 09:00,297.18,353.09
2030-01-30 10:00,298.91,388.78
2030-01-30 11:00,293.35,408.69
2030-01-30 12:00,285.07,419.31
2030-01-30 13:00,277.69,419.23
2030-01-30 14:00,272.47,402.22
2030-01-30 15:00,272.95,377.95
2030-01-30 16:00,271.56,323.63
2030-01-30 17:00,266.07,265.72
2030-01-30 18:00,267.27,245.98
2030-01-30 19:00,269.08,252.77
2030-01-30 20:00,253.94,249.56
2030-01-30 21:00,238.48,235.66
2030-01-30 22:00,229.19,233.57
2030-01-30 23:00,216.99,232.07
2030-01-31 00:00,218.4,239.97
2030-01-31 01:00,214.64,233.89
2030-01-31 02:00,212.4,230.1
2030-01-31 03:00,213.98,239.97
2030-01-31 04:00,213.44,232.16
2030-01-31 05:00,227.61,230.35
2030-01-31 06:00,251.45,244.37
2030-01-31 07:00,274.53,254.42
2030-01-31 08:00,289.94,296.9
2030-01-31 09:00,308.46,353.34
2030-01-31 10:00,311.16,392.18
2030-01-31 11:00,309.18,422.24
2030-01-31 12:00,301.67,426.93
2030-01-31 13:00,294.09,422.48
2030-01-31 14:00,291.7,411.93
2030-01-31 15:00,288.32,387.24
2030-01-31 16:00,284.56,343.51
2030-01-31 17:00,280.89,295.29
2030-01-31 18:00,278.38,263.51
2030-01-31 19:00,276.77,265.55
2030-01-31 20:00,264.01,252.55
2030-01-31 21:00,252.03,253.74
2030-01-31 22:00,241.53,249.48
2030-01-31 23:00,232.43,243.55
2030-02-01 00:00,221.38,256.5
2030-02-01 01:00,218.5,256.03
2030-02-01 02:00,217.55,261.85
2030-02-01 03:00,218.92,257.6
2030-02-01 04:00,221.35,252.63
2030-02-01 05:00,232.28,255.6
2030-02-01 06:00,256.49,259.82
2030-02-01 07:00,276.65,280.78
2030-02-01 08:00,290.43,323.6
2030-02-01 09:00,303.47,377.38
2030-02-01 10:00,309.8,413.45
2030-02-01 11:00,306.89,431.19
2030-02-01 12:00,297.93,440.75
2030-02-01 13:00,285.89,430.15
2030-02-01 14:00,282.62,416.03
2030-02-01 15:00,285.66,388.41
2030-02-01 16:00,280.11,347.87
2030-02-01 17:00,273.88,287.18
2030-02-01 18:00,275.03,264.66
2030-02-01 19:00,271.82,266.99
2030-02-01 20:00,257.95,262.56
2030-02-01 21:00,246.48,261.44
2030-02-01 22:00,238.71,276.03
2030-02-01 23:00,230.58,266.04
2030-02-02 00:00,222.68,264.42
2030-02-02 01:00,221.08,265.63
2030-02-02 02:00,214.76,256.62
2030-02-02 03:00,214.36,259.78
2030-02-02 04:00,216.5,247.94
2030-02-02 05:00,232.16,247.75
2030-02-02 06:00,248.52,244.38
2030-02-02 07:00,269.39,265.13
2030-02-02 08:00,284.22,310.17
2030-02-02 09:00,296.51,363.2
2030-02-02 10:00,300.49,406.93
2030-02-02 11:00,296.72,437.16
2030-02-02 12:00,283.65,443.77
2030-02-02 13:00,275.28,444.18
2030-02-02 14:00,270.96,431.12
2030-02-02 15:00,268.38,400.2
2030-02-02 16:00,262.94,352.46
2030-02-02 17:00,262.68,297.27
2030-02-02 18:00,266.43,271.76
2030-02-02 19:00,261.04,266.24
2030-02-02 20:00,247.64,253.79
2030-02-02 21:00,237.32,252.13
2030-02-02 22:00,227.76,255.19
2030-02-02 23:00,222.65,254.41
2030-02-03 00:00,223.76,268.81
2030-02-03 01:00,218.94,264.22
2030-02-03 02:00,217.13,269.0
2030-02-03 03:00,218.08,262.46
2030-02-03 04:00,222.48,267.3
2030-02-03 05:00,236.78,272.71
2030-02-03 06:00,259.07,274.15
2030-02-03 07:00,284.85,295.17
2030-02-03 08:00,295.99,334.45
2030-02-03 09:00,306.55,377.83
2030-02-03 10:00,312.86,421.37
2030-02-03 11:00,306.91,446.02
2030-02-03 12:00,305.05,461.48
2030-02-03 13:00,289.8,452.54
2030-02-03 14:00,288.15,438.12
2030-02-03 15:00,281.97,403.98
2030-02-03 16:00,278.08,367.36
2030-02-03 17:00,273.02,308.78
2030-02-03 18:00,272.35,278.67
2030-02-03 19:00,270.94,277.66
2030-02-03 20:00,257.25,272.86
2030-02-03 21:00,246.77,265.72
2030-02-03 22:00,237.96,263.53
2030-02-03 23:00,231.79,268.34
2030-02-04 00:00,240.48,272.67
2030-02-04 01:00,236.17,269.22
2030-02-04 02:00,231.39,265.18
2030-02-04 03:00,228.26,263.0
2030-02-04 04:00,229.89,249.05
2030-02-04 05:00,241.83,254.52
2030-02-04 06:00,263.97,263.59
2030-02-04 07:00,287.85,282.2
2030-02-04 08:00,299.71,322.29
2030-02-04 09:00,311.36,376.38
2030-02-04 10:00,316.36,417.3
2030-02-04 11:00,309.55,444.06
2030-02-04 12:00,305.71,458.96
2030-02-04 13:00,297.06,457.42
2030-02-04 14:00,294.57,452.99
2030-02-04 15:00,295.38,423.17
2030-02-04 16:00,295.38,365.62
2030-02-04 17:00,290.3,322.95
2030-02-04 18:00,289.95,283.14
2030-02-04 19:00,287.17,278.48
2030-02-04 20:00,268.77,272.16
2030-02-04 21:00,258.84,275.93
2030-02-04 22:00,251.77,269.59
2030-02-04 23:00,245.56,270.64
2030-02-05 00:00,241.21,270.41
2030-02-05 01:00,237.08,272.7
2030-02-05 02:00,233.75,267.92
2030-02-05 03:00,232.56,274.24
2030-02-05 04:00,236.49,268.47
2030-02-05 05:00,249.64,274.99
2030-02-05 06:00,270.79,282.54
2030-02-05 07:00,294.54,301.23
2030-02-05 08:00,308.16,348.82
2030-02-05 09:00,321.71,403.86
2030-02-05 10:00,325.74,440.18
2030-02-05 11:00,321.34,461.43
2030-02-05 12:00,313.88,471.91
2030-02-05 13:00,303.42,469.75
2030-02-05 14:00,300.48,457.79
2030-02-05 15:00,299.75,428.5
2030-02-05 16:00,295.58,375.62
2030-02-05 17:00,288.65,320.88
2030-02-05 18:00,284.48,280.41
2030-02-05 19:00,281.2,275.3
2030-02-05 20:00,269.11,271.7
2030-02-05 21:00,257.4,266.69
2030-02-05 22:00,248.4,268.5
2030-02-05 23:00,241.91,256.54
2030-02-06 00:00,240.22,272.28
2030-02-06 01:00,236.26,276.81
2030-02-06 02:00,233.82,282.34
2030-02-06 03:00,233.34,275.78
2030-02-06 04:00,237.25,275.58
2030-02-06 05:00,250.33,276.68
2030-02-06 06:00,271.32,271.79
2030-02-06 07:00,294.87,294.93
2030-02-06 08:00,308.39,350.22
2030-02-06 09:00,320.9,403.2
2030-02-06 10:00,321.94,440.02
2030-02-06 11:00,319.0,464.89
2030-02-06 12:00,311.51,471.04
2030-02-06 13:00,302.16,461.8
2030-02-06 14:00,300.93,445.08
2030-02-06 15:00,299.35,412.6
2030-02-06 16:00,295.32,369.83
2030-02-06 17:00,291.57,315.18
2030-02-06 18:00,287.95,288.41
2030-02-06 19:00,285.09,283.54
2030-02-06 20:00,274.59,276.73
2030-02-06 21:00,262.69,277.03
2030-02-06 22:00,254.61,271.27
2030-02-06 23:00,246.01,264.96
2030-02-07 00:00,238.1,250.27
2030-02-07 01:00,230.21,252.31
2030-02-07 02:00,228.27,259.19
2030-02-07 03:00,225.21,257.49
2030-02-07 04:00,232.01,267.97
2030-02-07 05:00,246.46,262.33
2030-02-07 06:00,268.31,276.27
2030-02-07 07:00,291.76,293.26
2030-02-07 08:00,306.22,338.02
2030-02-07 09:00,316.66,386.22
2030-02-07 10:00,320.36,419.02
2030-02-07 11:00,317.64,439.25
2030-02-07 12:00,307.77,444.68
2030-02-07 13:00,303.86,447.32
2030-02-07 14:00,299.76,437.46
2030-02-07 15:00,300.42,413.78
2030-02-07 16:00,294.7,368.83
2030-02-07 17:00,291.31,315.07
2030-02-07 18:00,289.47,285.57
2030-02-07 19:00,288.08,276.6
2030-02-07 20:00,271.96,273.3
2030-02-07 21:00,263.08,272.82
2030-02-07 22:00,255.76,274.76
2030-02-07 23:00,248.54,274.93
2030-02-08 00:00,238.26,268.14
2030-02-08 01:00,236.95,274.41
2030-02-08 02:00,232.3,271.41
2030-02-08 03:00,230.73,267.41
2030-02-08 04:00,236.49,267.89
2030-02-08 05:00,251.7,257.97
2030-02-08 06:00,270.0,263.45
2030-02-08 07:00,292.24,277.58
2030-02-08 08:00,308.77,318.32
2030-02-08 09:00,322.59,379.57
2030-02-08 10:00,326.76,432.56
2030-02-08 11:00,322.47,454.75
2030-02-08 12:00,311.25,462.15
2030-02-08 13:00,299.78,451.4
2030-02-08 14:00,291.72,435.75
2030-02-08 15:00,288.78,408.62
2030-02-08 16:00,285.52,359.92
2030-02-08 17:00,281.03,307.37
2030-02-08 18:00,278.17,278.31
2030-02-08 19:00,275.42,272.29
2030-02-08 20:00,261.3,267.21
2030-02-08 21:00,249.23,269.23
2030-02-08 22:00,241.28,273.83
2030-02-08 23:00,230.35,268.89
2030-02-09 00:00,233.67,274.59
2030-02-09 01:00,231.69,275.49
2030-02-09 02:00,230.65,276.62
2030-02-09 03:00,230.75,277.37
2030-02-09 04:00,236.86,279.84
2030-02-09 05:00,249.02,279.92
2030-02-09 06:00,271.68,282.56
2030-02-09 07:00,294.29,303.23
2030-02-09 08:00,309.08,352.31
2030-02-09 09:00,320.11,402.86
2030-02-09 10:00,327.1,441.23
2030-02-09 11:00,322.85,468.99
2030-02-09 12:00,315.38,474.63
2030-02-09 13:00,305.01,474.08
2030-02-09 14:00,302.3,457.46
2030-02-09 15:00,301.75,434.9
2030-02-09 16:00,294.06,381.15
2030-02-09 17:00,287.06,321.59
2030-02-09 18:00,289.27,292.91
2030-02-09 19:00,287.23,285.4
2030-02-09 20:00,274.68,281.65
2030-02-09 21:00,263.74,286.29
2030-02-09 22:00,256.82,288.68
2030-02-09 23:00,249.81,287.56
2030-02-10 00:00,244.87,284.85
2030-02-10 01:00,240.67,283.5
2030-02-10 02:00,237.11,277.65
2030-02-10 03:00,235.35,274.49
2030-02-10 04:00,237.38,267.05
2030-02-10 05:00,250.15,271.92
2030-02-10 06:00,269.15,271.77
2030-02-10 07:00,292.6,298.61
2030-02-10 08:00,301.03,344.3
2030-02-10 09:00,315.25,389.0
2030-02-10 10:00,321.73,426.76
2030-02-10 11:00,318.45,453.3
2030-02-10 12:00,309.16,454.09
2030-02-10 13:00,301.04,453.64
2030-02-10 14:00,299.08,436.49
2030-02-10 15:00,296.34,412.82
2030-02-10 16:00,292.89,369.59
2030-02-10 17:00,288.0,318.53
2030-02-10 18:00,282.76,281.43
2030-02-10 19:00,282.56,272.7
2030-02-10 20:00,268.16,272.55
2030-02-10 21:00,257.73,275.95
2030-02-10 22:00,253.51,284.68
2030-02-10 23:00,246.88,282.72
2030-02-11 00:00,229.66,255.29
2030-02-11 01:00,226.47,248.43
2030-02-11 02:00,223.96,248.94
2030-02-11 03:00,219.69,244.45
2030-02-11 04:00,226.84,249.94
2030-02-11 05:00,243.29,251.43
2030-02-11 06:00,261.66,252.42
2030-02-11 07:00,283.41,269.98
2030-02-11 08:00,294.27,313.16
2030-02-11 09:00,307.74,361.95
2030-02-11 10:00,311.86,409.03
2030-02-11 11:00,309.24,430.73
2030-02-11 12:00,301.69,438.03
2030-02-11 13:00,294.55,434.0
2030-02-11 14:00,291.15,417.14
2030-02-11 15:00,286.22,392.41
2030-02-11 16:00,281.09,350.73
2030-02-11 17:00,271.7,286.96
2030-02-11 18:00,272.07,252.78
2030-02-11 19:00,267.0,242.86
2030-02-11 20:00,252.76,234.63
2030-02-11 21:00,241.6,237.48
2030-02-11 22:00,229.04,221.66
2030-02-11 23:00,222.48,220.93
2030-02-12 00:00,217.7,208.42
2030-02-12 01:00,217.54,212.68
2030-02-12 02:00,215.81,214.48
2030-02-12 03:00,216.32,216.23
2030-02-12 04:00,222.34,215.64
2030-02-12 05:00,231.66,219.15
2030-02-12 06:00,254.65,232.84
2030-02-12 07:00,277.84,257.2
2030-02-12 08:00,291.66,303.37
2030-02-12 09:00,308.08,364.34
2030-02-12 10:00,316.03,407.73
2030-02-12 11:00,309.55,431.43
2030-02-12 12:00,301.0,442.04
2030-02-12 13:00,291.33,446.84
2030-02-12 14:00,288.56,437.67
2030-02-12 15:00,283.21,399.35
2030-02-12 16:00,276.64,355.61
2030-02-12 17:00,273.18,299.92
2030-02-12 18:00,270.56,256.56
2030-02-12 19:00,269.12,250.75
2030-02-12 20:00,255.65,253.22
2030-02-12 21:00,249.23,258.26
2030-02-12 22:00,243.3,261.35
2030-02-12 23:00,234.9,249.49
2030-02-13 00:00,228.32,252.03
2030-02-13 01:00,223.07,247.7
2030-02-13 02:00,220.98,248.29
2030-02-13 03:00,219.14,243.42
2030-02-13 04:00,224.11,246.12
2030-02-13 05:00,237.48,253.64
2030-02-13 06:00,257.8,255.97
2030-02-13 07:00,278.03,279.2
2030-02-13 08:00,295.82,315.87
2030-02-13 09:00,309.14,377.71
2030-02-13 10:00,315.44,410.75
2030-02-13 11:00,313.7,427.16
2030-02-13 12:00,307.23,430.72
2030-02-13 13:00,294.9,416.66
2030-02-13 14:00,294.6,407.66
2030-02-13 15:00,294.41,386.7
2030-02-13 16:00,288.94,353.45
2030-02-13 17:00,281.99,306.32
2030-02-13 18:00,277.67,264.45
2030-02-13 19:00,275.73,259.55
2030-02-13 20:00,260.26,257.07
2030-02-13 21:00,249.72,259.74
2030-02-13 22:00,241.34,250.93
2030-02-13 23:00,233.93,255.3
2030-02-14 00:00,237.56,242.04
2030-02-14 01:00,234.24,245.9
2030-02-14 02:00,230.95,248.86
2030-02-14 03:00,230.32,241.12
2030-02-14 04:00,234.69,240.65
2030-02-14 05:00,244.76,238.07
2030-02-14 06:00,264.21,253.76
2030-02-14 07:00,285.89,273.17
2030-02-14 08:00,303.35,315.73
2030-02-14 09:00,321.08,373.38
2030-02-14 10:00,323.69,414.46
2030-02-14 11:00,320.54,433.33
2030-02-14 12:00,312.84,442.93
2030-02-14 13:00,303.27,443.06
2030-02-14 14:00,303.32,433.31
2030-02-14 15:00,304.26,410.56
2030-02-14 16:00,297.63,354.6
2030-02-14 17:00,289.47,297.44
2030-02-14 18:00,287.72,248.89
2030-02-14 19:00,282.59,243.76
2030-02-14 20:00,270.61,244.61
2030-02-14 21:00,260.42,245.31
2030-02-14 22:00,252.53,247.29
2030-02-14 23:00,245.08,243.87
2030-02-15 00:00,243.88,246.37
2030-02-15 01:00,241.52,249.12
2030-02-15 02:00,235.51,251.59
2030-02-15 03:00,237.02,248.19
2030-02-15 04:00,242.95,250.38
2030-02-15 05:00,253.07,250.95
2030-02-15 06:00,275.47,261.39
2030-02-15 07:00,295.76,280.96
2030-02-15 08:00,309.45,319.59
2030-02-15 09:00,321.4,367.06
2030-02-15 10:00,325.94,415.02
2030-02-15 11:00,317.85,430.37
2030-02-15 12:00,313.42,436.17
2030-02-15 13:00,302.86,423.78
2030-02-15 14:00,302.78,416.93
2030-02-15 15:00,303.17,389.03
2030-02-15 16:00,300.73,356.53
2030-02-15 17:00,293.22,296.85
2030-02-15 18:00,288.52,257.24
2030-02-15 19:00,290.47,266.29
2030-02-15 20:00,276.02,271.81
2030-02-15 21:00,265.7,274.03
2030-02-15 22:00,259.99,273.38
2030-02-15 23:00,253.63,267.32
2030-02-16 00:00,242.94,250.26
2030-02-16 01:00,240.29,254.88
2030-02-16 02:00,236.95,254.15
2030-02-16 03:00,232.97,249.67
2030-02-16 04:00,237.51,246.42
2030-02-16 05:00,246.65,232.73
2030-02-16 06:00,267.45,248.11
2030-02-16 07:00,286.95,268.29
2030-02-16 08:00,299.11,310.61
2030-02-16 09:00,314.83,362.82
2030-02-16 10:00,320.48,402.61
2030-02-16 11:00,316.59,431.5
2030-02-16 12:00,312.11,443.7
2030-02-16 13:00,301.17,439.89
2030-02-16 14:00,297.88,430.96
2030-02-16 15:00,295.93,408.36
2030-02-16 16:00,293.48,355.95
2030-02-16 17:00,287.77,302.71
2030-02-16 18:00,281.05,271.7
2030-02-16 19:00,281.22,273.1
2030-02-16 20:00,268.49,263.86
2030-02-16 21:00,254.62,254.68
2030-02-16 22:00,254.6,258.97
2030-02-16 23:00,248.83,258.43
2030-02-17 00:00,236.56,266.3
2030-02-17 01:00,235.99,271.18
2030-02-17 02:00,236.65,269.39
2030-02-17 03:00,233.5,266.69
2030-02-17 04:00,237.37,256.46
2030-02-17 05:00,247.24,250.52
2030-02-17 06:00,264.23,250.57
2030-02-17 07:00,285.36,270.65
2030-02-17 08:00,297.03,315.19
2030-02-17 09:00,312.12,371.58
2030-02-17 10:00,318.36,411.09
2030-02-17 11:00,310.74,429.07
2030-02-17 12:00,305.69,441.59
2030-02-17 13:00,295.94,440.45
2030-02-17 14:00,295.8,429.43
2030-02-17 15:00,292.54,399.72
2030-02-17 16:00,285.67,358.01
2030-02-17 17:00,277.38,303.24
2030-02-17 18:00,276.77,261.84
2030-02-17 19:00,276.66,255.27
2030-02-17 20:00,262.78,255.04
2030-02-17 21:00,252.99,246.17
2030-02-17 22:00,244.25,241.64
2030-02-17 23:00,233.56,241.45
2030-02-18 00:00,229.8,235.0
2030-02-18 01:00,228.34,237.18
2030-02-18 02:00,225.57,251.29
2030-02-18 03:00,222.54,251.74
2030-02-18 04:00,224.85,255.19
2030-02-18 05:00,236.54,252.96
2030-02-18 06:00,255.71,261.24
2030-02-18 07:00,274.94,286.18
2030-02-18 08:00,288.86,331.76
2030-02-18 09:00,302.42,381.45
2030-02-18 10:00,308.64,418.96
2030-02-18 11:00,308.31,438.02
2030-02-18 12:00,298.84,452.19
2030-02-18 13:00,287.94,454.19
2030-02-18 14:00,286.33,441.12
2030-02-18 15:00,287.57,410.51
2030-02-18 16:00,284.05,359.18
2030-02-18 17:00,280.16,306.38
2030-02-18 18:00,276.5,272.43
2030-02-18 19:00,272.75,263.71
2030-02-18 20:00,259.56,251.14
2030-02-18 21:00,246.81,247.48
2030-02-18 22:00,240.54,244.21
2030-02-18 23:00,234.92,239.6
2030-02-19 00:00,224.26,231.91
2030-02-19 01:00,220.11,224.48
2030-02-19 02:00,216.89,222.8
2030-02-19 03:00,215.6,230.59
2030-02-19 04:00,218.69,224.34
2030-02-19 05:00,230.18,226.26
2030-02-19 06:00,245.62,231.87
2030-02-19 07:00,264.24,249.36
2030-02-19 08:00,277.32,294.93
2030-02-19 09:00,289.53,345.5
2030-02-19 10:00,298.76,391.4
2030-02-19 11:00,297.06,414.31
2030-02-19 12:00,286.53,417.26
2030-02-19 13:00,281.49,418.99
2030-02-19 14:00,280.94,409.26
2030-02-19 15:00,285.72,385.44
2030-02-19 16:00,281.04,337.33
2030-02-19 17:00,271.12,278.18
2030-02-19 18:00,269.14,237.57
2030-02-19 19:00,272.99,240.67
2030-02-19 20:00,260.9,244.59
2030-02-19 21:00,247.88,246.23
2030-02-19 22:00,243.78,256.55
2030-02-19 23:00,237.16,250.06
2030-02-20 00:00,242.73,260.47
2030-02-20 01:00,241.72,262.91
2030-02-20 02:00,235.73,252.31
2030-02-20 03:00,233.31,247.88
2030-02-20 04:00,237.19,242.17
2030-02-20 05:00,245.68,242.12
2030-02-20 06:00,260.82,247.83
2030-02-20 07:00,279.28,259.92
2030-02-20 08:00,291.04,303.28
2030-02-20 09:00,303.31,356.21
2030-02-20 10:00,308.31,404.63
2030-02-20 11:00,305.13,423.75
2030-02-20 12:00,296.54,424.54
2030-02-20 13:00,286.8,414.06
2030-02-20 14:00,284.72,411.11
2030-02-20 15:00,288.48,397.54
2030-02-20 16:00,285.8,355.02
2030-02-20 17:00,280.4,299.13
2030-02-20 18:00,276.61,259.08
2030-02-20 19:00,275.4,249.18
2030-02-20 20:00,265.43,253.5
2030-02-20 21:00,258.19,264.63
2030-02-20 22:00,257.17,268.88
2030-02-20 23:00,250.79,270.68
2030-02-21 00:00,240.0,255.95
2030-02-21 01:00,233.46,248.71
2030-02-21 02:00,231.81,251.07
2030-02-21 03:00,232.07,253.58
2030-02-21 04:00,231.4,240.89
2030-02-21 05:00,244.79,235.06
2030-02-21 06:00,259.41,248.26
2030-02-21 07:00,279.42,272.03
2030-02-21 08:00,290.42,307.33
2030-02-21 09:00,304.86,357.46
2030-02-21 10:00,308.16,401.56
2030-02-21 11:00,308.09,425.82
2030-02-21 12:00,302.14,431.57
2030-02-21 13:00,295.44,429.64
2030-02-21 14:00,288.38,426.23
2030-02-21 15:00,289.51,400.18
2030-02-21 16:00,285.88,364.65
2030-02-21 17:00,278.17,295.79
2030-02-21 18:00,278.54,254.93
2030-02-21 19:00,275.78,250.11
2030-02-21 20:00,260.86,240.1
2030-02-21 21:00,250.01,244.94
2030-02-21 22:00,247.24,254.91
2030-02-21 23:00,242.17,250.55
2030-02-22 00:00,232.55,235.53
2030-02-22 01:00,230.87,232.21
2030-02-22 02:00,228.69,229.78
2030-02-22 03:00,225.04,233.42
2030-02-22 04:00,227.51,237.46
2030-02-22 05:00,236.59,232.12
2030-02-22 06:00,249.83,224.05
2030-02-22 07:00,270.83,255.0
2030-02-22 08:00,283.29,309.8
2030-02-22 09:00,297.77,370.05
2030-02-22 10:00,297.35,402.83
2030-02-22 11:00,295.46,417.71
2030-02-22 12:00,284.93,417.91
2030-02-22 13:00,275.82,417.32
2030-02-22 14:00,274.32,404.99
2030-02-22 15:00,275.6,382.66
2030-02-22 16:00,270.51,344.84
2030-02-22 17:00,264.25,286.95
2030-02-22 18:00,260.8,249.15
2030-02-22 19:00,259.49,239.25
2030-02-22 20:00,248.03,233.03
2030-02-22 21:00,235.54,228.4
2030-02-22 22:00,231.12,226.52
2030-02-22 23:00,229.15,225.71
2030-02-23 00:00,225.58,231.5
2030-02-23 01:00,224.25,239.34
2030-02-23 02:00,221.43,237.13
2030-02-23 03:00,218.27,234.52
2030-02-23 04:00,221.2,227.2
2030-02-23 05:00,236.59,238.52
2030-02-23 06:00,255.26,250.05
2030-02-23 07:00,273.18,268.49
2030-02-23 08:00,282.85,306.46
2030-02-23 09:00,292.92,350.34
2030-02-23 10:00,295.78,388.16
2030-02-23 11:00,291.26,410.72
2030-02-23 12:00,286.06,421.74
2030-02-23 13:00,279.19,412.23
2030-02-23 14:00,275.64,401.67
2030-02-23 15:00,275.24,374.27
2030-02-23 16:00,274.32,343.56
2030-02-23 17:00,269.33,288.77
2030-02-23 18:00,265.13,250.84
2030-02-23 19:00,269.45,255.58
2030-02-23 20:00,253.7,243.55
2030-02-23 21:00,242.46,240.03
2030-02-23 22:00,235.82,244.51
2030-02-23 23:00,229.89,242.62
2030-02-24 00:00,235.75,240.46
2030-02-24 01:00,231.61,239.52
2030-02-24 02:00,228.95,234.05
2030-02-24 03:00,228.24,240.97
2030-02-24 04:00,232.59,241.7
2030-02-24 05:00,245.58,236.17
2030-02-24 06:00,262.46,235.85
2030-02-24 07:00,280.24,256.0
2030-02-24 08:00,291.83,304.9
2030-02-24 09:00,301.69,363.25
2030-02-24 10:00,304.32,405.08
2030-02-24 11:00,302.0,429.92
2030-02-24 12:00,294.72,433.46
2030-02-24 13:00,287.17,430.44
2030-02-24 14:00,283.77,422.85
2030-02-24 15:00,284.62,394.83
2030-02-24 16:00,277.81,339.44
2030-02-24 17:00,267.74,285.45
2030-02-24 18:00,264.96,240.33
2030-02-24 19:00,264.26,233.47
2030-02-24 20:00,248.95,222.92
2030-02-24 21:00,238.98,223.72
2030-02-24 22:00,234.86,225.54
2030-02-24 23:00,230.55,229.5
2030-02-25 00:00,234.27,244.67
2030-02-25 01:00,230.89,242.16
2030-02-25 02:00,230.79,249.28
2030-02-25 03:00,231.87,241.33
2030-02-25 04:00,236.36,253.37
2030-02-25 05:00,249.16,250.85
2030-02-25 06:00,264.6,261.97
2030-02-25 07:00,282.12,274.2
2030-02-25 08:00,292.12,314.64
2030-02-25 09:00,306.87,362.43
2030-02-25 10:00,311.86,410.03
2030-02-25 11:00,307.58,437.29
2030-02-25 12:00,302.1,445.44
2030-02-25 13:00,294.0,436.29
2030-02-25 14:00,289.84,432.01
2030-02-25 15:00,289.97,400.63
2030-02-25 16:00,283.24,354.23
2030-02-25 17:00,277.37,305.34
2030-02-25 18:00,274.06,255.57
2030-02-25 19:00,273.46,243.25
2030-02-25 20:00,264.32,241.82
2030-02-25 21:00,258.47,246.72
2030-02-25 22:00,251.38,241.39
2030-02-25 23:00,249.37,251.25
2030-02-26 00:00,256.68,258.04
2030-02-26 01:00,252.92,252.58
2030-02-26 02:00,249.33,246.27
2030-02-26 03:00,247.92,255.32
2030-02-26 04:00,251.62,257.01
2030-02-26 05:00,262.18,253.55
2030-02-26 06:00,278.65,273.44
2030-02-26 07:00,296.26,296.32
2030-02-26 08:00,306.75,344.79
2030-02-26 09:00,319.66,394.87
2030-02-26 10:00,324.19,432.71
2030-02-26 11:00,320.93,447.26
2030-02-26 12:00,314.26,440.95
2030-02-26 13:00,304.56,448.57
2030-02-26 14:00,303.74,440.61
2030-02-26 15:00,304.35,419.32
2030-02-26 16:00,301.49,371.68
2030-02-26 17:00,294.91,326.6
2030-02-26 18:00,291.27,291.25
2030-02-26 19:00,292.03,285.45
2030-02-26 20:00,280.3,262.64
2030-02-26 21:00,270.78,260.77
2030-02-26 22:00,266.87,260.74
2030-02-26 23:00,261.6,255.25
2030-02-27 00:00,254.73,254.26
2030-02-27 01:00,250.47,251.35
2030-02-27 02:00,250.03,272.65
2030-02-27 03:00,248.6,264.27
2030-02-27 04:00,251.67,261.64
2030-02-27 05:00,262.69,261.24
2030-02-27 06:00,278.88,264.01
2030-02-27 07:00,290.91,284.09
2030-02-27 08:00,299.24,334.79
2030-02-27 09:00,313.88,383.33
2030-02-27 10:00,315.54,421.84
2030-02-27 11:00,311.06,443.86
2030-02-27 12:00,304.04,448.87
2030-02-27 13:00,294.79,453.09
2030-02-27 14:00,289.56,437.91
2030-02-27 15:00,288.64,407.77
2030-02-27 16:00,285.37,364.3
2030-02-27 17:00,280.07,310.26
2030-02-27 18:00,275.23,267.27
2030-02-27 19:00,277.06,260.1
2030-02-27 20:00,267.5,254.33
2030-02-27 21:00,254.51,244.48
2030-02-27 22:00,250.31,240.15
2030-02-27 23:00,250.03,247.87
2030-02-28 00:00,242.61,221.88
2030-02-28 01:00,237.66,224.12
2030-02-28 02:00,232.29,215.88
2030-02-28 03:00,232.45,223.52
2030-02-28 04:00,237.57,228.5
2030-02-28 05:00,248.39,232.71
2030-02-28 06:00,265.13,239.86
2030-02-28 07:00,283.88,264.28
2030-02-28 08:00,291.77,317.48
2030-02-28 09:00,305.29,374.54
2030-02-28 10:00,313.48,413.79
2030-02-28 11:00,311.54,430.86
2030-02-28 12:00,307.07,435.51
2030-02-28 13:00,297.38,431.26
2030-02-28 14:00,296.68,425.58
2030-02-28 15:00,294.22,395.61
2030-02-28 16:00,293.46,366.5
2030-02-28 17:00,288.96,319.75
2030-02-28 18:00,280.47,264.09
2030-02-28 19:00,280.38,255.84
2030-02-28 20:00,269.95,255.3
2030-02-28 21:00,258.38,239.33
2030-02-28 22:00,256.49,232.37
2030-02-28 23:00,249.77,227.97
2030-03-01 00:00,243.66,230.64
2030-03-01 01:00,240.13,232.55
2030-03-01 02:00,235.18,230.56
2030-03-01 03:00,236.47,236.48
2030-03-01 04:00,240.1,233.79
2030-03-01 05:00,248.82,228.72
2030-03-01 06:00,269.13,243.75
2030-03-01 07:00,286.4,270.78
2030-03-01 08:00,295.92,313.57
2030-03-01 09:00,307.18,366.79
2030-03-01 10:00,312.21,404.3
2030-03-01 11:00,309.87,427.46
2030-03-01 12:00,301.5,437.01
2030-03-01 13:00,291.15,429.36
2030-03-01 14:00,290.43,419.65
2030-03-01 15:00,292.19,394.92
2030-03-01 16:00,290.01,351.83
2030-03-01 17:00,283.37,303.72
2030-03-01 18:00,272.63,254.3
2030-03-01 19:00,273.66,243.26
2030-03-01 20:00,258.07,228.0
2030-03-01 21:00,250.55,237.93
2030-03-01 22:00,250.8,244.39
2030-03-01 23:00,245.94,240.53
2030-03-02 00:00,241.77,246.15
2030-03-02 01:00,239.85,243.78
2030-03-02 02:00,237.43,245.58
2030-03-02 03:00,237.44,247.07
2030-03-02 04:00,243.75,253.63
2030-03-02 05:00,251.84,252.22
2030-03-02 06:00,263.38,256.66
2030-03-02 07:00,280.56,282.13
2030-03-02 08:00,289.53,329.98
2030-03-02 09:00,301.56,376.6
2030-03-02 10:00,308.79,423.58
2030-03-02 11:00,306.8,433.2
2030-03-02 12:00,297.92,427.36
2030-03-02 13:00,289.24,414.9
2030-03-02 14:00,289.17,415.19
2030-03-02 15:00,292.01,386.85
2030-03-02 16:00,287.51,346.25
2030-03-02 17:00,280.87,300.05
2030-03-02 18:00,275.7,258.48
2030-03-02 19:00,279.0,258.65
2030-03-02 20:00,264.93,248.9
2030-03-02 21:00,253.62,245.5
2030-03-02 22:00,249.77,244.18
2030-03-02 23:00,244.72,244.49
2030-03-03 00:00,234.72,246.88
2030-03-03 01:00,231.05,246.98
2030-03-03 02:00,228.53,242.09
2030-03-03 03:00,226.31,256.17
2030-03-03 04:00,231.77,257.43
2030-03-03 05:00,243.39,259.29
2030-03-03 06:00,257.08,266.69
2030-03-03 07:00,273.49,289.49
2030-03-03 08:00,277.8,333.93
2030-03-03 09:00,294.39,390.3
2030-03-03 10:00,295.95,428.88
2030-03-03 11:00,292.69,442.81
2030-03-03 12:00,287.37,450.38
2030-03-03 13:00,276.4,444.32
2030-03-03 14:00,276.07,434.99
2030-03-03 15:00,277.86,408.09
2030-03-03 16:00,276.06,358.42
2030-03-03 17:00,267.09,301.78
2030-03-03 18:00,264.3,259.75
2030-03-03 19:00,268.43,253.74
2030-03-03 20:00,255.21,258.58
2030-03-03 21:00,249.32,255.39
2030-03-03 22:00,244.59,251.81
2030-03-03 23:00,239.82,251.91
2030-03-04 00:00,245.8,259.47
2030-03-04 01:00,245.47,255.08
2030-03-04 02:00,241.12,249.22
2030-03-04 03:00,239.27,248.3
2030-03-04 04:00,245.45,257.6
2030-03-04 05:00,253.79,256.75
2030-03-04 06:00,271.96,256.93
2030-03-04 07:00,286.52,274.41
2030-03-04 08:00,292.4,321.39
2030-03-04 09:00,303.78,374.99
2030-03-04 10:00,310.84,419.9
2030-03-04 11:00,308.17,439.03
2030-03-04 12:00,302.03,449.23
2030-03-04 13:00,293.46,447.92
2030-03-04 14:00,293.54,454.62
2030-03-04 15:00,295.32,429.09
2030-03-04 16:00,291.71,383.6
2030-03-04 17:00,284.45,329.31
2030-03-04 18:00,277.06,288.11
2030-03-04 19:00,282.72,284.01
2030-03-04 20:00,269.31,277.2
2030-03-04 21:00,257.07,265.76
2030-03-04 22:00,253.04,266.48
2030-03-04 23:00,250.72,270.9
2030-03-05 00:00,241.46,268.25
2030-03-05 01:00,235.16,261.81
2030-03-05 02:00,230.31,256.03
2030-03-05 03:00,226.44,247.06
2030-03-05 04:00,231.0,255.55
2030-03-05 05:00,240.26,262.02
2030-03-05 06:00,254.16,258.07
2030-03-05 07:00,267.55,277.69
2030-03-05 08:00,277.43,335.74
2030-03-05 09:00,288.5,390.54
2030-03-05 10:00,295.66,427.1
2030-03-05 11:00,291.57,436.91
2030-03-05 12:00,283.77,442.73
2030-03-05 13:00,274.19,433.84
2030-03-05 14:00,275.11,430.39
2030-03-05 15:00,275.1,400.24
2030-03-05 16:00,276.27,361.48
2030-03-05 17:00,270.94,309.5
2030-03-05 18:00,266.77,270.41
2030-03-05 19:00,270.46,266.41
2030-03-05 20:00,260.54,260.28
2030-03-05 21:00,251.36,252.98
2030-03-05 22:00,247.05,255.83
2030-03-05 23:00,241.93,263.37
2030-03-06 00:00,236.04,259.39
2030-03-06 01:00,227.81,253.06
2030-03-06 02:00,223.9,249.53
2030-03-06 03:00,223.09,249.83
2030-03-06 04:00,228.7,251.26
2030-03-06 05:00,241.86,249.13
2030-03-06 06:00,252.7,257.94
2030-03-06 07:00,266.81,284.48
2030-03-06 08:00,275.73,328.61
2030-03-06 09:00,286.65,380.63
2030-03-06 10:00,291.53,420.82
2030-03-06 11:00,291.49,438.54
2030-03-06 12:00,283.81,438.48
2030-03-06 13:00,273.53,435.58
2030-03-06 14:00,275.18,429.91
2030-03-06 15:00,278.15,419.32
2030-03-06 16:00,276.08,373.34
2030-03-06 17:00,270.5,321.63
2030-03-06 18:00,266.33,283.64
2030-03-06 19:00,268.99,270.04
2030-03-06 20:00,258.72,262.5
2030-03-06 21:00,245.76,253.98
2030-03-06 22:00,244.92,254.41
2030-03-06 23:00,238.13,250.32
2030-03-07 00:00,248.55,252.22
2030-03-07 01:00,245.42,255.04
2030-03-07 02:00,240.18,252.12
2030-03-07 03:00,240.59,249.65
2030-03-07 04:00,242.98,241.89
2030-03-07 05:00,250.45,238.95
2030-03-07 06:00,264.62,239.09
2030-03-07 07:00,278.7,272.7
2030-03-07 08:00,290.49,332.45
2030-03-07 09:00,301.57,379.01
2030-03-07 10:00,305.36,414.34
2030-03-07 11:00,300.97,436.07
2030-03-07 12:00,293.24,440.09
2030-03-07 13:00,285.26,433.91
2030-03-07 14:00,284.77,429.87
2030-03-07 15:00,289.59,393.34
2030-03-07 16:00,288.54,352.85
2030-03-07 17:00,280.24,301.06
2030-03-07 18:00,275.09,255.82
2030-03-07 19:00,277.28,243.84
2030-03-07 20:00,265.43,238.3
2030-03-07 21:00,257.6,241.55
2030-03-07 22:00,255.1,246.9
2030-03-07 23:00,250.87,252.98
2030-03-08 00:00,244.8,253.33
2030-03-08 01:00,241.35,257.16
2030-03-08 02:00,234.18,250.69
2030-03-08 03:00,234.85,245.91
2030-03-08 04:00,234.74,236.4
2030-03-08 05:00,246.5,246.28
2030-03-08 06:00,262.29,262.48
2030-03-08 07:00,277.67,280.45
2030-03-08 08:00,285.35,326.43
2030-03-08 09:00,292.61,370.12
2030-03-08 10:00,296.43,404.23
2030-03-08 11:00,297.47,430.99
2030-03-08 12:00,293.33,443.21
2030-03-08 13:00,281.84,434.26
2030-03-08 14:00,285.32,432.51
2030-03-08 15:00,288.57,408.92
2030-03-08 16:00,290.0,372.86
2030-03-08 17:00,281.52,323.95
2030-03-08 18:00,275.9,273.98
2030-03-08 19:00,277.91,259.72
2030-03-08 20:00,264.94,252.92
2030-03-08 21:00,256.29,259.69
2030-03-08 22:00,257.6,261.34
2030-03-08 23:00,253.93,256.84
2030-03-09 00:00,250.07,256.83
2030-03-09 01:00,243.73,247.64
2030-03-09 02:00,242.8,252.16
2030-03-09 03:00,242.01,256.19
2030-03-09 04:00,244.76,249.45
2030-03-09 05:00,253.04,245.48
2030-03-09 06:00,269.38,256.11
2030-03-09 07:00,284.31,284.39
2030-03-09 08:00,290.91,336.02
2030-03-09 09:00,302.55,389.39
2030-03-09 10:00,306.54,430.03
2030-03-09 11:00,303.43,443.81
2030-03-09 12:00,298.65,447.28
2030-03-09 13:00,292.47,441.48
2030-03-09 14:00,287.97,432.26
2030-03-09 15:00,293.45,410.69
2030-03-09 16:00,293.11,365.73
2030-03-09 17:00,285.56,317.67
2030-03-09 18:00,281.49,283.87
2030-03-09 19:00,283.14,268.49
2030-03-09 20:00,272.55,271.84
2030-03-09 21:00,265.44,265.18
2030-03-09 22:00,263.38,261.38
2030-03-09 23:00,260.44,265.57
2030-03-10 00:00,253.27,253.81
2030-03-10 01:00,247.84,257.94
2030-03-10 02:00,241.77,253.39
2030-03-10 03:00,244.21,260.38
2030-03-10 04:00,246.66,258.99
2030-03-10 05:00,252.33,255.63
2030-03-10 06:00,267.63,260.66
2030-03-10 07:00,279.9,278.76
2030-03-10 08:00,290.94,334.04
2030-03-10 09:00,303.17,382.17
2030-03-10 10:00,306.76,411.45
2030-03-10 11:00,306.42,431.75
2030-03-10 12:00,299.36,429.35
2030-03-10 13:00,292.31,433.51
2030-03-10 14:00,292.29,431.88
2030-03-10 15:00,291.74,403.82
2030-03-10 16:00,288.71,360.78
2030-03-10 17:00,280.97,299.39
2030-03-10 18:00,276.69,260.88
2030-03-10 19:00,282.44,252.55
2030-03-10 20:00,270.47,246.8
2030-03-10 21:00,262.89,238.21
2030-03-10 22:00,261.43,245.46
2030-03-10 23:00,255.4,234.47
2030-03-11 00:00,244.47,228.09
2030-03-11 01:00,240.32,230.29
2030-03-11 02:00,233.4,228.71
2030-03-11 03:00,236.22,226.64
2030-03-11 04:00,241.98,217.68
2030-03-11 05:00,245.7,219.86
2030-03-11 06:00,261.13,229.03
2030-03-11 07:00,274.82,254.45
2030-03-11 08:00,282.12,307.29
2030-03-11 09:00,291.73,358.42
2030-03-11 10:00,293.54,394.03
2030-03-11 11:00,294.69,424.7
2030-03-11 12:00,287.12,424.77
2030-03-11 13:00,278.15,416.77
2030-03-11 14:00,280.13,409.81
2030-03-11 15:00,287.62,384.12
2030-03-11 16:00,289.87,344.74
2030-03-11 17:00,280.37,301.82
2030-03-11 18:00,278.21,259.41
2030-03-11 19:00,281.18,250.62
2030-03-11 20:00,275.85,248.95
2030-03-11 21:00,270.86,242.17
2030-03-11 22:00,270.36,246.32
2030-03-11 23:00,264.43,256.44
2030-03-12 00:00,253.32,250.51
2030-03-12 01:00,248.16,255.81
2030-03-12 02:00,242.24,252.99
2030-03-12 03:00,242.28,255.59
2030-03-12 04:00,245.11,250.38
2030-03-12 05:00,249.77,262.22
2030-03-12 06:00,260.79,263.61
2030-03-12 07:00,274.23,295.78
2030-03-12 08:00,278.88,336.66
2030-03-12 09:00,291.9,378.61
2030-03-12 10:00,295.9,416.18
2030-03-12 11:00,295.07,437.74
2030-03-12 12:00,289.15,438.84
2030-03-12 13:00,277.32,429.02
2030-03-12 14:00,277.22,415.54
2030-03-12 15:00,278.07,392.95
2030-03-12 16:00,274.64,345.3
2030-03-12 17:00,264.27,288.6
2030-03-12 18:00,259.39,250.24
2030-03-12 19:00,264.45,237.19
2030-03-12 20:00,257.51,245.73
2030-03-12 21:00,252.36,242.01
2030-03-12 22:00,250.36,250.89
2030-03-12 23:00,244.63,242.27
2030-03-13 00:00,242.25,234.82
2030-03-13 01:00,238.47,233.76
2030-03-13 02:00,233.6,234.09
2030-03-13 03:00,235.55,231.82
2030-03-13 04:00,240.33,236.8
2030-03-13 05:00,250.45,248.75
2030-03-13 06:00,267.14,255.82
2030-03-13 07:00,278.78,278.81
2030-03-13 08:00,287.86,337.08
2030-03-13 09:00,297.44,386.58
2030-03-13 10:00,301.96,418.88
2030-03-13 11:00,298.16,436.83
2030-03-13 12:00,289.85,431.91
2030-03-13 13:00,282.88,421.56
2030-03-13 14:00,285.8,420.83
2030-03-13 15:00,289.23,394.9
2030-03-13 16:00,286.91,364.0
2030-03-13 17:00,274.61,305.99
2030-03-13 18:00,272.42,265.11
2030-03-13 19:00,275.2,258.63
2030-03-13 20:00,265.12,256.73
2030-03-13 21:00,257.66,247.57
2030-03-13 22:00,257.19,240.2
2030-03-13 23:00,251.29,237.31
2030-03-14 00:00,255.94,253.67
2030-03-14 01:00,252.96,252.92
2030-03-14 02:00,249.56,250.72
2030-03-14 03:00,251.58,255.62
2030-03-14 04:00,254.44,262.47
2030-03-14 05:00,260.15,258.25
2030-03-14 06:00,274.62,280.85
2030-03-14 07:00,288.29,311.59
2030-03-14 08:00,296.15,367.76
2030-03-14 09:00,306.91,414.34
2030-03-14 10:00,310.32,449.6
2030-03-14 11:00,310.32,467.69
2030-03-14 12:00,306.97,470.45
2030-03-14 13:00,297.03,469.82
2030-03-14 14:00,298.07,464.3
2030-03-14 15:00,299.47,443.88
2030-03-14 16:00,298.52,397.48
2030-03-14 17:00,292.39,340.1
2030-03-14 18:00,285.86,304.33
2030-03-14 19:00,289.4,285.51
2030-03-14 20:00,280.76,284.07
2030-03-14 21:00,272.24,277.83
2030-03-14 22:00,271.39,279.78
2030-03-14 23:00,264.98,270.55
2030-03-15 00:00,254.22,261.4
2030-03-15 01:00,251.72,264.92
2030-03-15 02:00,250.7,262.81
2030-03-15 03:00,246.81,261.75
2030-03-15 04:00,252.01,263.99
2030-03-15 05:00,257.78,264.83
2030-03-15 06:00,268.1,271.68
2030-03-15 07:00,278.67,292.03
2030-03-15 08:00,288.19,344.85
2030-03-15 09:00,300.74,395.49
2030-03-15 10:00,304.06,429.65
2030-03-15 11:00,301.42,447.93
2030-03-15 12:00,292.65,449.08
2030-03-15 13:00,283.54,447.56
2030-03-15 14:00,288.02,441.0
2030-03-15 15:00,290.02,407.54
2030-03-15 16:00,285.24,368.05
2030-03-15 17:00,278.01,316.76
2030-03-15 18:00,275.04,272.91
2030-03-15 19:00,279.8,261.33
2030-03-15 20:00,270.73,259.51
2030-03-15 21:00,261.9,252.42
2030-03-15 22:00,260.5,259.73
2030-03-15 23:00,257.02,248.89
2030-03-16 00:00,241.37,236.67
2030-03-16 01:00,238.55,237.64
2030-03-16 02:00,236.12,234.56
2030-03-16 03:00,235.15,228.97
2030-03-16 04:00,232.7,218.5
2030-03-16 05:00,240.25,215.55
2030-03-16 06:00,255.52,227.17
2030-03-16 07:00,267.48,256.75
2030-03-16 08:00,276.17,316.18
2030-03-16 09:00,284.83,367.73
2030-03-16 10:00,288.84,407.02
2030-03-16 11:00,285.9,427.83
2030-03-16 12:00,281.58,430.33
2030-03-16 13:00,271.0,427.56
2030-03-16 14:00,276.21,423.28
2030-03-16 15:00,280.08,397.87
2030-03-16 16:00,278.62,359.49
2030-03-16 17:00,272.49,307.33
2030-03-16 18:00,265.79,266.34
2030-03-16 19:00,270.92,269.14
2030-03-16 20:00,262.49,268.27
2030-03-16 21:00,257.19,256.2
2030-03-16 22:00,255.93,263.99
2030-03-16 23:00,251.47,259.24
2030-03-17 00:00,238.62,244.0
2030-03-17 01:00,229.86,234.33
2030-03-17 02:00,225.45,232.23
2030-03-17 03:00,223.7,226.97
2030-03-17 04:00,227.54,230.24
2030-03-17 05:00,234.49,232.47
2030-03-17 06:00,245.63,239.39
2030-03-17 07:00,256.45,263.05
2030-03-17 08:00,265.18,310.22
2030-03-17 09:00,276.63,361.68
2030-03-17 10:00,281.07,396.4
2030-03-17 11:00,280.05,411.67
2030-03-17 12:00,276.98,423.95
2030-03-17 13:00,266.29,414.34
2030-03-17 14:00,268.97,407.73
2030-03-17 15:00,271.93,386.78
2030-03-17 16:00,270.01,348.75
2030-03-17 17:00,260.21,301.91
2030-03-17 18:00,255.5,261.3
2030-03-17 19:00,257.68,235.5
2030-03-17 20:00,250.21,237.23
2030-03-17 21:00,246.35,238.89
2030-03-17 22:00,246.21,237.39
2030-03-17 23:00,243.72,238.55
2030-03-18 00:00,244.5,236.46
2030-03-18 01:00,237.49,226.17
2030-03-18 02:00,235.03,230.37
2030-03-18 03:00,233.59,234.21
2030-03-18 04:00,234.79,232.2
2030-03-18 05:00,242.8,234.87
2030-03-18 06:00,251.23,230.01
2030-03-18 07:00,262.27,262.15
2030-03-18 08:00,266.8,307.13
2030-03-18 09:00,280.02,363.75
2030-03-18 10:00,283.12,401.73
2030-03-18 11:00,279.67,419.16
2030-03-18 12:00,276.96,419.96
2030-03-18 13:00,270.28,424.52
2030-03-18 14:00,272.47,419.88
2030-03-18 15:00,276.37,394.76
2030-03-18 16:00,272.25,344.26
2030-03-18 17:00,265.06,290.8
2030-03-18 18:00,260.63,259.69
2030-03-18 19:00,268.09,249.55
2030-03-18 20:00,260.59,242.14
2030-03-18 21:00,254.19,239.66
2030-03-18 22:00,255.05,232.21
2030-03-18 23:00,248.51,230.78
2030-03-19 00:00,255.1,238.89
2030-03-19 01:00,253.51,242.38
2030-03-19 02:00,249.55,242.36
2030-03-19 03:00,251.4,241.53
2030-03-19 04:00,253.45,232.61
2030-03-19 05:00,257.65,232.34
2030-03-19 06:00,268.43,238.64
2030-03-19 07:00,276.46,269.74
2030-03-19 08:00,282.48,318.5
2030-03-19 09:00,296.38,381.75
2030-03-19 10:00,301.9,409.78
2030-03-19 11:00,299.14,429.76
2030-03-19 12:00,295.23,432.91
2030-03-19 13:00,287.61,436.42
2030-03-19 14:00,290.96,435.01
2030-03-19 15:00,295.69,406.38
2030-03-19 16:00,293.04,366.3
2030-03-19 17:00,288.84,321.3
2030-03-19 18:00,284.91,285.93
2030-03-19 19:00,286.11,279.87
2030-03-19 20:00,276.34,268.29
2030-03-19 21:00,270.54,256.05
2030-03-19 22:00,271.37,258.23
2030-03-19 23:00,264.6,253.02
2030-03-20 00:00,266.5,260.37
2030-03-20 01:00,261.29,255.33
2030-03-20 02:00,255.81,252.74
2030-03-20 03:00,251.89,247.5
2030-03-20 04:00,253.82,251.31
2030-03-20 05:00,265.45,257.7
2030-03-20 06:00,278.03,255.68
2030-03-20 07:00,285.03,276.42
2030-03-20 08:00,290.18,330.62
2030-03-20 09:00,303.5,387.66
2030-03-20 10:00,308.74,423.29
2030-03-20 11:00,303.24,446.48
2030-03-20 12:00,298.14,450.88
2030-03-20 13:00,292.77,446.22
2030-03-20 14:00,299.03,448.3
2030-03-20 15:00,297.77,419.85
2030-03-20 16:00,298.37,382.05
2030-03-20 17:00,290.03,318.81
2030-03-20 18:00,281.34,278.99
2030-03-20 19:00,288.05,268.9
2030-03-20 20:00,279.02,265.37
2030-03-20 21:00,275.71,267.62
2030-03-20 22:00,277.24,269.93
2030-03-20 23:00,272.43,266.49
2030-03-21 00:00,258.07,252.82
2030-03-21 01:00,255.34,253.69
2030-03-21 02:00,251.88,250.65
2030-03-21 03:00,244.8,241.12
2030-03-21 04:00,247.57,244.25
2030-03-21 05:00,255.31,250.99
2030-03-21 06:00,266.47,262.71
2030-03-21 07:00,273.45,283.75
2030-03-21 08:00,279.16,341.65
2030-03-21 09:00,291.4,385.44
2030-03-21 10:00,292.71,424.86
2030-03-21 11:00,291.23,426.97
2030-03-21 12:00,288.42,432.57
2030-03-21 13:00,283.63,423.97
2030-03-21 14:00,282.41,427.19
2030-03-21 15:00,286.9,412.54
2030-03-21 16:00,282.88,367.64
2030-03-21 17:00,274.84,314.8
2030-03-21 18:00,272.64,273.19
2030-03-21 19:00,275.46,257.73
2030-03-21 20:00,266.99,252.55
2030-03-21 21:00,258.56,251.4
2030-03-21 22:00,256.13,241.67
2030-03-21 23:00,250.46,235.48
2030-03-22 00:00,255.32,245.63
2030-03-22 01:00,249.26,240.57
2030-03-22 02:00,244.98,235.75
2030-03-22 03:00,243.23,235.51
2030-03-22 04:00,249.71,247.86
2030-03-22 05:00,256.9,246.36
2030-03-22 06:00,266.69,256.16
2030-03-22 07:00,275.22,284.73
2030-03-22 08:00,283.7,351.33
2030-03-22 09:00,296.15,401.27
2030-03-22 10:00,303.35,441.47
2030-03-22 11:00,298.26,455.19
2030-03-22 12:00,293.83,460.97
2030-03-22 13:00,286.27,454.14
2030-03-22 14:00,288.81,448.95
2030-03-22 15:00,290.57,422.31
2030-03-22 16:00,289.98,382.57
2030-03-22 17:00,286.43,330.55
2030-03-22 18:00,280.68,289.38
2030-03-22 19:00,288.58,279.48
2030-03-22 20:00,280.19,273.08
2030-03-22 21:00,275.59,273.17
2030-03-22 22:00,278.14,276.01
2030-03-22 23:00,274.25,265.31
2030-03-23 00:00,267.21,257.37
2030-03-23 01:00,264.67,257.28
2030-03-23 02:00,259.78,266.83
2030-03-23 03:00,253.18,256.56
2030-03-23 04:00,260.24,260.61
2030-03-23 05:00,263.76,246.15
2030-03-23 06:00,275.08,250.85
2030-03-23 07:00,287.37,276.13
2030-03-23 08:00,294.68,333.42
2030-03-23 09:00,305.21,380.95
2030-03-23 10:00,306.92,420.54
2030-03-23 11:00,305.36,438.84
2030-03-23 12:00,298.27,441.9
2030-03-23 13:00,290.66,431.51
2030-03-23 14:00,296.71,426.35
2030-03-23 15:00,298.58,410.77
2030-03-23 16:00,291.93,366.16
2030-03-23 17:00,279.81,308.76
2030-03-23 18:00,279.43,279.3
2030-03-23 19:00,282.04,267.48
2030-03-23 20:00,275.19,254.14
2030-03-23 21:00,270.57,257.11
2030-03-23 22:00,275.35,266.67
2030-03-23 23:00,270.71,268.72
2030-03-24 00:00,265.43,255.31
2030-03-24 01:00,260.06,251.58
2030-03-24 02:00,258.79,263.96
2030-03-24 03:00,256.34,260.62
2030-03-24 04:00,255.74,254.3
2030-03-24 05:00,260.42,256.53
2030-03-24 06:00,267.42,260.59
2030-03-24 07:00,274.3,283.99
2030-03-24 08:00,281.61,336.33
2030-03-24 09:00,290.99,388.21
2030-03-24 10:00,298.75,425.86
2030-03-24 11:00,300.77,449.68
2030-03-24 12:00,298.94,457.83
2030-03-24 13:00,286.96,451.28
2030-03-24 14:00,289.44,444.69
2030-03-24 15:00,289.87,423.73
2030-03-24 16:00,287.15,385.31
2030-03-24 17:00,278.76,333.4
2030-03-24 18:00,274.46,280.86
2030-03-24 19:00,278.99,268.75
2030-03-24 20:00,275.1,265.85
2030-03-24 21:00,271.8,259.45
2030-03-24 22:00,273.39,270.03
2030-03-24 23:00,271.13,257.81
2030-03-25 00:00,259.87,259.84
2030-03-25 01:00,252.1,254.96
2030-03-25 02:00,246.69,255.82
2030-03-25 03:00,245.79,259.73
2030-03-25 04:00,247.14,251.08
2030-03-25 05:00,253.78,258.89
2030-03-25 06:00,261.2,259.35
2030-03-25 07:00,267.0,293.09
2030-03-25 08:00,271.51,344.11
2030-03-25 09:00,281.47,389.69
2030-03-25 10:00,288.43,431.45
2030-03-25 11:00,285.99,445.68
2030-03-25 12:00,279.5,444.95
2030-03-25 13:00,273.54,433.27
2030-03-25 14:00,278.25,433.16
2030-03-25 15:00,280.19,410.69
2030-03-25 16:00,275.3,379.01
2030-03-25 17:00,266.64,321.87
2030-03-25 18:00,263.49,276.35
2030-03-25 19:00,267.66,263.29
2030-03-25 20:00,263.57,272.56
2030-03-25 21:00,261.1,272.68
2030-03-25 22:00,258.78,269.91
2030-03-25 23:00,255.58,262.17
2030-03-26 00:00,240.18,257.83
2030-03-26 01:00,236.7,257.99
2030-03-26 02:00,230.76,254.98
2030-03-26 03:00,228.28,254.02
2030-03-26 04:00,231.48,252.34
2030-03-26 05:00,239.21,254.29
2030-03-26 06:00,246.4,256.5
2030-03-26 07:00,257.95,289.55
2030-03-26 08:00,262.56,339.12
2030-03-26 09:00,274.43,388.85
2030-03-26 10:00,277.35,415.83
2030-03-26 11:00,277.68,434.4
2030-03-26 12:00,272.11,428.12
2030-03-26 13:00,267.48,421.75
2030-03-26 14:00,268.36,414.55
2030-03-26 15:00,268.7,391.04
2030-03-26 16:00,264.77,344.28
2030-03-26 17:00,258.24,296.68
2030-03-26 18:00,250.88,258.93
2030-03-26 19:00,257.58,257.15
2030-03-26 20:00,253.12,253.29
2030-03-26 21:00,250.87,267.94
2030-03-26 22:00,255.06,259.83
2030-03-26 23:00,250.49,264.55
2030-03-27 00:00,244.02,253.84
2030-03-27 01:00,242.23,259.38
2030-03-27 02:00,235.7,259.48
2030-03-27 03:00,233.36,252.9
2030-03-27 04:00,238.24,260.15
2030-03-27 05:00,245.17,263.93
2030-03-27 06:00,254.1,268.8
2030-03-27 07:00,259.12,294.58
2030-03-27 08:00,265.58,346.77
2030-03-27 09:00,272.93,393.35
2030-03-27 10:00,278.65,427.77
2030-03-27 11:00,274.91,441.2
2030-03-27 12:00,271.06,444.24
2030-03-27 13:00,264.03,438.66
2030-03-27 14:00,264.23,426.58
2030-03-27 15:00,267.45,404.63
2030-03-27 16:00,264.93,368.58
2030-03-27 17:00,256.26,306.87
2030-03-27 18:00,252.77,277.51
2030-03-27 19:00,257.58,263.3
2030-03-27 20:00,251.52,256.22
2030-03-27 21:00,247.35,247.33
2030-03-27 22:00,250.04,250.64
2030-03-27 23:00,247.98,253.12
2030-03-28 00:00,247.92,252.26
2030-03-28 01:00,243.03,252.39
2030-03-28 02:00,236.17,247.67
2030-03-28 03:00,231.46,251.2
2030-03-28 04:00,232.37,248.4
2030-03-28 05:00,238.87,257.0
2030-03-28 06:00,247.63,262.31
2030-03-28 07:00,252.94,287.83
2030-03-28 08:00,261.92,332.61
2030-03-28 09:00,268.7,377.27
2030-03-28 10:00,274.96,414.31
2030-03-28 11:00,271.47,427.1
2030-03-28 12:00,270.23,430.56
2030-03-28 13:00,264.07,429.35
2030-03-28 14:00,266.4,418.09
2030-03-28 15:00,273.87,392.06
2030-03-28 16:00,271.23,355.43
2030-03-28 17:00,260.83,300.67
2030-03-28 18:00,255.1,251.36
2030-03-28 19:00,259.14,244.86
2030-03-28 20:00,254.51,245.44
2030-03-28 21:00,254.68,243.18
2030-03-28 22:00,258.02,242.49
2030-03-28 23:00,256.48,248.69
2030-03-29 00:00,258.75,242.71
2030-03-29 01:00,254.46,243.42
2030-03-29 02:00,248.37,236.28
2030-03-29 03:00,244.8,233.74
2030-03-29 04:00,247.11,235.91
2030-03-29 05:00,249.83,253.59
2030-03-29 06:00,257.09,254.79
2030-03-29 07:00,262.27,270.47
2030-03-29 08:00,266.02,323.34
2030-03-29 09:00,276.64,366.28
2030-03-29 10:00,279.62,401.66
2030-03-29 11:00,277.27,419.52
2030-03-29 12:00,275.01,424.55
2030-03-29 13:00,269.66,429.21
2030-03-29 14:00,273.46,418.55
2030-03-29 15:00,279.68,401.67
2030-03-29 16:00,276.43,358.77
2030-03-29 17:00,267.64,313.04
2030-03-29 18:00,264.25,279.49
2030-03-29 19:00,269.26,262.09
2030-03-29 20:00,265.58,259.6
2030-03-29 21:00,264.09,252.97
2030-03-29 22:00,264.02,251.03
2030-03-29 23:00,259.77,247.98
2030-03-30 00:00,258.84,252.62
2030-03-30 01:00,252.12,241.27
2030-03-30 02:00,247.15,236.55
2030-03-30 03:00,246.29,244.46
2030-03-30 04:00,251.45,252.86
2030-03-30 05:00,257.32,248.15
2030-03-30 06:00,265.85,265.53
2030-03-30 07:00,272.09,293.74
2030-03-30 08:00,275.4,340.04
2030-03-30 09:00,285.76,384.88
2030-03-30 10:00,286.74,414.03
2030-03-30 11:00,282.45,415.37
2030-03-30 12:00,275.33,409.91
2030-03-30 13:00,268.03,405.32
2030-03-30 14:00,274.5,405.54
2030-03-30 15:00,279.3,391.86
2030-03-30 16:00,274.65,347.42
2030-03-30 17:00,271.14,317.41
2030-03-30 18:00,266.06,274.82
2030-03-30 19:00,276.01,272.9
2030-03-30 20:00,270.17,256.28
2030-03-30 21:00,270.14,262.24
2030-03-30 22:00,273.68,277.48
2030-03-30 23:00,272.96,276.3
2030-03-31 00:00,263.1,271.35
2030-03-31 01:00,256.68,263.07
2030-03-31 02:00,248.23,253.77
2030-03-31 03:00,244.23,243.74
2030-03-31 04:00,243.41,248.81
2030-03-31 05:00,248.88,244.93
2030-03-31 06:00,256.75,252.05
2030-03-31 07:00,262.74,284.15
2030-03-31 08:00,264.88,328.63
2030-03-31 09:00,276.89,384.89
2030-03-31 10:00,281.92,416.89
2030-03-31 11:00,284.93,431.59
2030-03-31 12:00,277.98,433.63
2030-03-31 13:00,270.85,427.55
2030-03-31 14:00,274.95,414.84
2030-03-31 15:00,275.15,383.36
2030-03-31 16:00,274.43,346.08
2030-03-31 17:00,270.6,300.61
2030-03-31 18:00,267.26,265.41
2030-03-31 19:00,275.72,256.56
2030-03-31 20:00,271.44,258.84
2030-03-31 21:00,269.53,262.45
2030-03-31 22:00,274.61,279.3
2030-03-31 23:00,271.74,262.27
